assembly_accession,assembly_name,organism_name,organism_taxonomic_id,assembly_release_date,assembly_release_year,checkm_completeness,checkm_completeness_percentile,checkm_contamination,checkm_version,checkm_marker_count,collection_date
GCF_000091665.1,ASM9166v1,Methanocaldococcus jannaschii DSM 2661,243232,1999-12-22,1999,98.02,100.0,0.28,v1.2.3,,2025-01-27
GCA_000008645.1,ASM864v1,Methanothermobacter thermautotrophicus str. Delta H,187420,1999-12-22,1999,97.0,77.77778,0.06,v1.2.3,,2025-01-27
GCA_000008665.1,ASM866v1,Archaeoglobus fulgidus DSM 4304,224325,1999-12-22,1999,96.69,80.0,2.53,v1.2.3,,2025-01-27
GCF_000006805.1,ASM680v1,Halobacterium salinarum NRC-1,64091,2001-01-09,2001,99.05,100.0,0.22,v1.2.3,,2025-01-27
GCA_000007185.1,ASM718v1,Methanopyrus kandleri AV19,190192,2002-04-03,2002,96.74,100.0,1.64,v1.2.3,,2025-01-27
GCF_000007225.1,ASM722v1,Pyrobaculum aerophilum str. IM2,178306,2002-01-24,2002,99.41,100.0,0.03,v1.2.3,,2025-01-27
GCA_000007345.1,ASM734v1,Methanosarcina acetivorans C2A,188937,2002-04-03,2002,98.41,100.0,1.09,v1.2.3,,2025-01-27
GCA_000007065.1,ASM706v1,Methanosarcina mazei Go1,192952,2002-05-20,2002,98.7,95.71429,0.15,v1.2.3,,2025-01-27
GCA_000007305.1,ASM730v1,Pyrococcus furiosus DSM 3638,186497,2002-02-27,2002,96.19,66.666664,0.41,v1.2.3,,2025-01-27
GCF_000007005.1,ASM700v1,Saccharolobus solfataricus P2,273057,2002-11-25,2002,95.8,26.666666,1.48,v1.2.2,,2025-01-27
GCA_000195935.2,ASM19593v2,Pyrococcus abyssi GE5,272844,2003-05-06,2003,99.13,100.0,0.16,v1.2.3,,2025-01-27
GCF_000008085.1,ASM808v1,Nanoarchaeum equitans Kin4-M,228908,2003-12-18,2003,73.13,100.0,,v1.2.3,,2025-01-27
GCA_000195915.1,ASM19591v1,Thermoplasma acidophilum DSM 1728,273075,2003-05-06,2003,97.01,100.0,0.76,v1.2.3,,2025-01-27
GCA_000011185.1,ASM1118v1,Thermoplasma volcanium GSS1,273116,2004-05-11,2004,98.56,100.0,1.22,v1.2.3,,2025-01-27
GCF_000011105.1,ASM1110v1,Pyrococcus horikoshii OT3,70601,2004-05-11,2004,96.48,100.0,0.55,v1.2.3,,2025-01-27
GCF_000011585.1,ASM1158v1,Methanococcus maripaludis S2,267377,2004-03-04,2004,93.12,35.714287,1.37,v1.2.3,,2025-01-27
GCA_000011205.1,ASM1120v1,Sulfurisphaera tokodaii str. 7,273063,2004-05-11,2004,99.31,100.0,0.67,v1.2.2,,2025-01-27
GCA_000011085.1,ASM1108v1,Haloarcula marismortui ATCC 43049,272569,2004-11-02,2004,99.26,100.0,,v1.2.3,,2025-01-27
GCA_000008265.1,ASM826v1,Picrophilus oshimae DSM 9789,1122961,2004-06-08,2004,99.84,100.0,0.65,v1.2.3,,2025-01-27
GCA_000026045.1,ASM2604v1,Natronomonas pharaonis DSM 2160,348780,2005-09-28,2005,99.91,100.0,1.24,v1.2.3,,2025-01-27
GCA_000009965.1,ASM996v1,Thermococcus kodakarensis KOD1,69014,2005-01-05,2005,99.32,100.0,0.35,v1.2.3,,2025-01-27
GCF_000012285.1,ASM1228v1,Sulfolobus acidocaldarius DSM 639,330779,2005-07-05,2005,97.22,85.96491,2.17,v1.2.2,,2025-01-27
GCA_000200715.1,ASM20071v1,Cenarchaeum symbiosum A,414004,2006-11-20,2006,,,,,,2025-01-27
GCA_000009185.1,ASM918v1,Haloquadratum walsbyi DSM 16790,362976,2006-06-22,2006,97.03,100.0,0.26,v1.2.3,,2025-01-27
GCF_000015205.1,ASM1520v1,Pyrobaculum islandicum DSM 4184,384616,2006-12-20,2006,98.09,100.0,,v1.2.2,,2025-01-27
GCA_000011125.1,ASM1112v1,Aeropyrum pernix K1,272557,2006-10-11,2006,93.82,100.0,2.09,v1.2.3,,2025-01-27
GCF_000012545.1,ASM1254v1,Methanosphaera stadtmanae DSM 3091,339860,2006-01-05,2006,99.38,100.0,,v1.2.3,,2025-01-27
GCF_000015225.1,ASM1522v1,Thermofilum pendens Hrk 5,368408,2006-12-18,2006,97.62,100.0,1.79,v1.2.2,,2025-01-27
GCA_000014945.1,ASM1494v1,Methanothrix thermoacetophila PT,349307,2006-10-25,2006,99.58,100.0,0.56,v1.2.3,,2025-01-27
GCA_000063445.1,ASM6344v1,Methanocella arvoryzae MRE50,351160,2006-10-12,2006,99.42,100.0,2.11,v1.2.3,,2025-01-27
GCF_000013445.1,ASM1344v1,Methanospirillum hungatei JF-1,323259,2006-02-17,2006,99.86,100.0,,v1.2.3,,2025-01-27
GCA_000013725.1,ASM1372v1,Methanococcoides burtonii DSM 6242,259564,2006-04-10,2006,98.24,100.0,,v1.2.3,,2025-01-27
GCA_000017625.1,ASM1762v1,Methanoregula boonei 6A8,456442,2007-07-26,2007,99.75,100.0,0.03,v1.2.3,,2025-01-27
GCA_000015765.1,ASM1576v1,Methanocorpusculum labreanum Z,410358,2007-02-01,2007,99.31,100.0,0.37,v1.2.3,,2025-01-27
GCA_000016385.1,ASM1638v1,Pyrobaculum arsenaticum DSM 13514,340102,2007-04-16,2007,99.04,100.0,,v1.2.2,,2025-01-27
GCA_000017945.1,ASM1794v1,Ignicoccus hospitalis KIN4/I,453591,2007-08-29,2007,99.1,100.0,,v1.2.2,,2025-01-27
GCA_000015805.1,ASM1580v1,Pyrobaculum calidifontis JCM 11548,410359,2007-02-27,2007,99.02,100.0,,v1.2.3,,2025-01-27
GCA_000015945.1,ASM1594v1,Staphylothermus marinus F1,399550,2007-02-21,2007,97.97,100.0,0.29,v1.2.2,,2025-01-27
GCF_000015825.1,ASM1582v1,Methanoculleus marisnigri JR1,368407,2007-02-16,2007,99.78,100.0,0.87,v1.2.3,,2025-01-27
GCA_000015145.1,ASM1514v1,Hyperthermus butylicus DSM 5456,415426,2007-01-22,2007,97.9,100.0,0.58,v1.2.2,,2025-01-27
GCA_000017165.1,ASM1716v1,Methanococcus vannielii SB,406327,2007-06-29,2007,99.47,100.0,,v1.2.3,,2025-01-27
GCF_000016605.1,ASM1660v1,Metallosphaera sedula DSM 5348,399549,2007-04-25,2007,99.12,100.0,,v1.2.3,,2025-01-27
GCA_000016125.1,ASM1612v1,Methanococcus maripaludis C5,402880,2007-03-15,2007,99.33,100.0,0.06,v1.2.3,,2025-01-27
GCA_000017185.1,ASM1718v1,Methanococcus aeolicus Nankai-3,419665,2007-06-29,2007,99.36,100.0,,v1.2.3,,2025-01-27
GCA_000018465.1,ASM1846v1,Nitrosopumilus maritimus SCM1,436308,2007-11-15,2007,99.28,100.0,1.35,v1.2.2,,2025-01-27
GCA_000016525.1,ASM1652v1,Methanobrevibacter smithii ATCC 35061,420247,2007-06-04,2007,97.71,90.17341,2.51,v1.2.3,,2025-01-27
GCF_000018305.1,ASM1830v1,Caldivirga maquilingensis IC-167,397948,2007-10-05,2007,99.7,100.0,,v1.2.2,,2025-01-27
GCA_000069025.1,ASM6902v1,Halobacterium salinarum R1,478009,2008-02-12,2008,99.05,100.0,0.22,v1.2.3,,2025-01-27
GCF_000018365.1,ASM1836v1,Thermococcus onnurineus NA1,523850,2008-11-06,2008,99.3,100.0,0.35,v1.2.3,,2025-01-27
GCF_000019805.1,ASM1980v1,Pyrobaculum neutrophilum V24Sta,444157,2008-03-27,2008,95.22,100.0,0.49,v1.2.2,,2025-01-27
GCA_000020905.1,ASM2090v1,Desulfurococcus amylolyticus 1221n,490899,2008-12-24,2008,99.57,100.0,0.34,v1.2.2,,2025-01-27
GCF_000019605.1,ASM1960v1,Candidatus Korarchaeum cryptofilum OPF8,374847,2008-03-18,2008,93.39,100.0,2.8,v1.2.3,,2025-01-27
GCF_000022205.1,ASM2220v1,Halorubrum lacusprofundi ATCC 49239,416348,2009-02-04,2009,99.17,80.0,1.36,v1.2.3,,2025-01-27
GCF_000022405.1,ASM2240v1,Saccharolobus islandicus M.14.25,427317,2009-04-24,2009,99.1,100.0,0.03,v1.2.3,,2025-01-27
GCF_000022385.1,ASM2238v1,Saccharolobus islandicus L.S.2.15,429572,2009-04-24,2009,98.76,79.166664,0.48,v1.2.3,,2025-01-27
GCA_000011005.1,ASM1100v1,Methanocella paludicola SANAE,304371,2009-12-25,2009,98.93,100.0,0.96,v1.2.3,,2025-01-27
GCF_000024625.1,ASM2462v1,Methanocaldococcus vulcanius M7,579137,2009-10-15,2009,98.32,100.0,0.19,v1.2.3,,2025-01-27
GCF_000022445.1,ASM2244v1,Saccharolobus islandicus M.16.4,426118,2009-05-27,2009,98.42,70.833336,0.48,v1.2.3,,2025-01-27
GCA_000022425.1,ASM2242v1,Saccharolobus islandicus M.16.27,427318,2009-04-29,2009,99.1,100.0,0.03,v1.2.3,,2025-01-27
GCF_000022465.1,ASM2246v1,Saccharolobus islandicus Y.G.57.14,439386,2009-04-29,2009,99.1,100.0,0.03,v1.2.3,,2025-01-27
GCF_000022485.1,ASM2248v1,Saccharolobus islandicus Y.N.15.51,419942,2009-04-29,2009,98.81,83.333336,0.5,v1.2.3,,2025-01-27
GCA_000023945.1,ASM2394v1,Halorhabdus utahensis DSM 12940,519442,2009-08-27,2009,99.52,100.0,0.97,v1.2.3,,2025-01-27
GCA_000021965.1,ASM2196v1,Methanosphaerula palustris E1-9c,521011,2009-01-05,2009,99.19,100.0,1.06,v1.2.3,,2025-01-27
GCA_000023985.1,ASM2398v1,Methanocaldococcus fervens AG86,573064,2009-08-28,2009,98.65,100.0,0.19,v1.2.3,,2025-01-27
GCA_000022365.1,ASM2236v1,Thermococcus gammatolerans EJ3,593117,2009-06-12,2009,98.99,100.0,0.35,v1.2.3,,2025-01-27
GCF_000023965.1,ASM2396v1,Halomicrobium mukohataei DSM 12286,485914,2009-09-03,2009,97.67,75.0,2.21,v1.2.3,,2025-01-27
GCA_000022545.1,ASM2254v1,Thermococcus sibiricus MM 739,604354,2009-06-29,2009,98.99,100.0,0.35,v1.2.3,,2025-01-27
GCA_000025285.1,ASM2528v1,Archaeoglobus profundus DSM 5631,572546,2010-01-19,2010,98.87,100.0,0.12,v1.2.3,,2025-01-27
GCA_000025685.1,ASM2568v1,Haloferax volcanii DS2,309800,2010-03-23,2010,99.12,94.44444,1.11,v1.2.3,,2025-01-27
GCF_000025625.1,ASM2562v1,Natrialba magadii ATCC 43099,547559,2010-02-24,2010,98.73,100.0,,v1.2.3,,2025-01-27
GCA_000024185.1,ASM2418v1,Methanobrevibacter ruminantium M1,634498,2010-02-05,2010,98.59,100.0,0.56,v1.2.3,,2025-01-27
GCF_000172995.2,ASM17299v2,Halogeometricum borinquense DSM 11551,469382,2010-11-22,2010,100.0,100.0,0.41,v1.2.3,,2025-01-27
GCF_000144915.1,ASM14491v1,Acidilobus saccharovorans 345-15,666510,2010-08-06,2010,99.36,100.0,0.43,v1.2.2,,2025-01-27
GCA_000092185.1,ASM9218v1,Thermosphaera aggregans DSM 11486,633148,2010-05-17,2010,100.0,100.0,,v1.2.2,,2025-01-27
GCA_000145295.1,ASM14529v1,Methanothermobacter marburgensis str. Marburg,79929,2010-08-11,2010,97.15,66.666664,0.63,v1.2.3,,2025-01-27
GCA_000147875.1,ASM14787v1,Methanolacinia petrolearia DSM 11571,679926,2010-09-17,2010,99.71,100.0,0.05,v1.2.3,,2025-01-27
GCF_000025325.1,ASM2532v1,Haloterrigena turkmenica DSM 5511,543526,2010-01-19,2010,99.38,100.0,0.9,v1.2.3,,2025-01-27
GCA_000025865.1,ASM2586v1,Methanohalophilus mahii DSM 5219,547558,2010-03-31,2010,99.41,100.0,,v1.2.3,,2025-01-27
GCA_000025665.1,ASM2566v1,Aciduliprofundum boonei T469,439481,2010-02-24,2010,99.07,100.0,,v1.2.3,,2025-01-27
GCF_000196655.1,ASM19665v1,Methanohalobium evestigatum Z-7303,644295,2010-06-15,2010,100.0,100.0,0.13,v1.2.3,,2025-01-27
GCA_000092305.1,ASM9230v1,Methanocaldococcus infernus ME,573063,2010-04-30,2010,98.41,100.0,,v1.2.3,,2025-01-27
GCF_000025525.1,ASM2552v1,Methanocaldococcus sp. FS406-22,644281,2010-02-17,2010,98.45,100.0,0.28,v1.2.3,,2025-01-27
GCA_000148385.1,ASM14838v1,Vulcanisaeta distributa DSM 14429,572478,2010-09-22,2010,96.63,100.0,0.58,v1.2.2,,2025-01-27
GCA_000151105.2,ASM15110v2,Thermococcus barophilus MP,391623,2010-12-17,2010,99.01,100.0,0.35,v1.2.3,,2025-01-27
GCA_000092465.1,ASM9246v1,Staphylothermus hellenicus DSM 12710,591019,2010-06-01,2010,96.39,100.0,0.05,v1.2.2,,2025-01-27
GCA_000145985.1,ASM14598v1,Ignisphaera aggregans DSM 17230,583356,2010-08-24,2010,98.65,100.0,,v1.2.3,,2025-01-27
GCA_000196895.1,ASM19689v1,Halalkalicoccus jeotgali B3,795797,2010-06-23,2010,96.73,33.333332,2.22,v1.2.3,,2025-01-27
GCA_000024305.1,ASM2430v1,Saccharolobus islandicus L.D.8.5,425944,2010-01-22,2010,98.76,79.166664,0.26,v1.2.3,,2025-01-27
GCA_000166095.1,ASM16609v1,Methanothermus fervidus DSM 2088,523846,2010-11-05,2010,99.8,100.0,0.76,v1.2.2,,2025-01-27
GCA_000025505.1,ASM2550v1,Ferroglobus placidus DSM 10642,589924,2010-02-16,2010,99.66,100.0,0.09,v1.2.3,,2025-01-27
GCF_000237865.1,ASM23786v1,Haloquadratum walsbyi C23,768065,2011-05-31,2011,97.01,90.90909,,v1.2.3,,2025-01-27
GCF_000204925.1,ASM20492v1,Metallosphaera cuprina Ar-4,1006006,2011-04-19,2011,97.86,100.0,0.14,v1.2.3,,2025-01-27
GCF_000211475.1,ASM21147v1,Pyrococcus sp. NA2,342949,2011-04-29,2011,98.76,100.0,0.06,v1.2.3,,2025-01-27
GCF_000217715.1,ASM21771v1,Halopiger xanaduensis SH-6,797210,2011-06-09,2011,99.52,100.0,0.41,v1.2.3,,2025-01-27
GCA_000223905.1,ASM22390v1,Haloarcula hispanica ATCC 33960,634497,2011-08-17,2011,99.48,100.0,0.4,v1.2.3,,2025-01-27
GCA_000204415.1,ASM20441v1,Methanothrix soehngenii GP6,990316,2011-04-15,2011,99.86,100.0,2.3,v1.2.3,,2025-01-27
GCF_000215995.1,ASM21599v1,Pyrococcus yayanosii CH1,529709,2011-06-07,2011,99.01,100.0,0.06,v1.2.3,,2025-01-27
GCF_000223395.1,ASM22339v1,Pyrolobus fumarii 1A,694429,2011-08-12,2011,98.65,100.0,,v1.2.2,,2025-01-27
GCF_000189575.1,ASM18957v1,Saccharolobus islandicus HVE10/4,930943,2011-02-16,2011,98.94,87.5,0.03,v1.2.3,,2025-01-27
GCF_000214415.1,ASM21441v1,Methanotorris igneus Kol 5,880724,2011-05-23,2011,98.96,100.0,1.91,v1.2.3,,2025-01-27
GCA_000235565.1,ASM23556v1,Methanothrix harundinacea 6Ac,1110509,2011-11-16,2011,99.79,100.0,2.26,v1.2.3,,2025-01-27
GCA_000179575.2,ASM17957v2,Methanothermococcus okinawensis IH1,647113,2011-06-06,2011,97.84,100.0,0.46,v1.2.3,,2025-01-27
GCA_000217995.1,ASM21799v1,Methanosalsum zhilinae DSM 4017,679901,2011-06-13,2011,98.67,100.0,,v1.2.3,,2025-01-27
GCA_000234805.1,ASM23480v1,Pyrobaculum ferrireducens,1104324,2011-11-10,2011,98.46,100.0,0.46,v1.2.2,,2025-01-27
GCF_000189555.1,ASM18955v1,Saccharolobus islandicus REY15A,930945,2011-02-16,2011,98.16,66.666664,0.26,v1.2.3,,2025-01-27
GCF_000224475.1,ASM22447v1,halophilic archaeon DL31,756883,2011-08-26,2011,,,,,,2025-01-27
GCF_000220645.1,ASM22064v1,Methanococcus maripaludis X1,1053692,2011-07-14,2011,99.24,92.85714,0.17,v1.2.3,,2025-01-27
GCF_000186365.1,ASM18636v1,Desulfurococcus mucosus DSM 2162,765177,2011-01-20,2011,99.28,100.0,0.23,v1.2.2,,2025-01-27
GCA_000193375.1,ASM19337v1,Thermoproteus uzoniensis 768-20,999630,2011-03-28,2011,99.22,100.0,0.71,v1.2.2,,2025-01-27
GCA_000151205.2,ASM15120v2,Thermococcus sp. AM4,246969,2011-09-08,2011,99.27,100.0,0.35,v1.2.3,,2025-01-27
GCA_000214725.1,ASM21472v1,Methanobacterium paludis,868131,2011-05-24,2011,99.31,100.0,1.09,v1.2.3,,2025-01-27
GCA_000191585.1,ASM19158v1,Methanobacterium lacus,877455,2011-03-07,2011,99.8,100.0,0.29,v1.2.3,,2025-01-27
GCA_000204585.1,ASM20458v1,Candidatus Nitrosarchaeum limnium SFB1,886738,2011-04-20,2011,,,,,,2025-01-27
GCA_000213215.1,ASM21321v1,Acidianus hospitalis W1,933801,2011-05-12,2011,99.64,100.0,0.43,v1.2.2,,2025-01-27
GCF_000190315.1,ASM19031v1,Vulcanisaeta moutnovskia 768-28,985053,2011-02-22,2011,97.88,100.0,0.67,v1.2.3,,2025-01-27
GCF_000194625.1,ASM19462v1,Archaeoglobus veneficus SNP6,693661,2011-03-31,2011,99.6,100.0,0.84,v1.2.3,,2025-01-27
GCF_000270325.1,ASM27032v1,Candidatus Caldarchaeum subterraneum,311458,2011-08-15,2011,,,,,,2025-01-27
GCF_000253055.1,ASM25305v1,Thermoproteus tenax Kra 1,768679,2011-10-06,2011,98.56,100.0,,v1.2.2,,2025-01-27
GCA_000221185.1,ASM22118v1,Thermococcus sp. 4557,1042877,2011-07-22,2011,99.83,100.0,0.35,v1.2.3,,2025-01-27
GCF_000317795.1,ASM31779v1,Caldisphaera lagunensis DSM 15908,1056495,2012-12-10,2012,97.72,100.0,0.92,v1.2.2,,2025-01-27
GCA_000328665.1,ASM32866v1,Methanomethylovorans hollandica DSM 15978,867904,2012-12-28,2012,99.61,100.0,,v1.2.3,,2025-01-27
GCA_000245215.2,ASM24521v2,Saccharolobus islandicus M.16.40,1132503,2012-01-25,2012,91.94,16.666666,0.26,v1.2.3,,2025-01-27
GCF_000245235.1,ASM24523v2,Saccharolobus islandicus M.16.43,1132504,2012-01-25,2012,95.63,45.833332,0.2,v1.2.3,,2025-01-27
GCA_000303155.1,ASM30315v1,Candidatus Nitrososphaera gargensis Ga9.2,1237085,2012-10-05,2012,98.87,100.0,2.45,v1.2.3,,2025-01-27
GCA_000245275.2,ASM24527v2,Saccharolobus islandicus M.16.47,1132506,2012-01-25,2012,91.21,8.333333,0.2,v1.2.3,,2025-01-27
GCA_000306725.1,ASM30672v1,Methanolobus psychrophilus R15,1094980,2012-10-18,2012,,,,,,2025-01-27
GCA_000264495.1,ASM26449v1,Thermogladius calderae 1633,1184251,2012-05-25,2012,97.66,100.0,0.97,v1.2.2,,2025-01-27
GCA_000247545.1,ASM24754v1,Pyrobaculum oguniense TE7,698757,2012-02-10,2012,99.51,100.0,,v1.2.3,,2025-01-27
GCF_000243255.1,ASM24325v1,Methanoplanus limicola DSM 2279,937775,2012-01-24,2012,97.71,100.0,0.26,v1.2.3,,2025-01-27
GCA_000327485.1,ASM32748v1,Methanoregula formicica SMSP,593750,2012-12-21,2012,99.8,100.0,0.03,v1.2.3,,2025-01-27
GCF_000275605.1,ASM27560v1,Pyrococcus furiosus COM1,1185654,2012-06-29,2012,96.83,100.0,1.42,v1.2.3,,2025-01-27
GCA_000265525.1,ASM26552v1,Thermococcus cleftensis,163003,2012-06-11,2012,99.69,100.0,0.35,v1.2.3,,2025-01-27
GCA_000251105.1,ASM25110v1,Methanocella conradii HZ254,1041930,2012-03-07,2012,99.8,100.0,1.48,v1.2.3,,2025-01-27
GCF_000263735.1,ASM26373v1,Pyrococcus sp. ST04,1183377,2012-05-22,2012,99.13,100.0,0.25,v1.2.3,,2025-01-27
GCF_000230735.2,ASM23073v3,Natrinema pellirubrum DSM 15624,797303,2012-12-27,2012,97.39,100.0,0.93,v1.2.3,,2025-01-27
GCA_000299365.1,ASM29936v1,Candidatus Nitrosopumilus koreensis AR1,1229908,2012-09-27,2012,93.66,100.0,10.57,v1.2.2,,2025-01-27
GCF_000299395.1,ASM29939v1,Candidatus Nitrosopumilus sediminis,1229909,2012-09-27,2012,93.35,100.0,7.32,v1.2.2,,2025-01-27
GCF_000245095.1,ASM24509v2,Saccharolobus islandicus M.16.2,1132497,2012-01-25,2012,93.12,29.166666,0.26,v1.2.3,,2025-01-27
GCF_000245175.1,ASM24517v2,Saccharolobus islandicus M.16.23,1132501,2012-01-25,2012,94.37,37.5,0.2,v1.2.3,,2025-01-27
GCA_000328685.1,ASM32868v1,Natronococcus occultus SP4,694430,2012-12-28,2012,99.72,100.0,0.62,v1.2.3,,2025-01-27
GCF_000258425.1,ASM25842v1,Fervidicoccus fontis Kam940,1163730,2012-04-10,2012,98.81,100.0,,v1.2.2,,2025-01-27
GCA_000246735.1,ASM24673v1,uncultured Candidatus Poseidoniales archaeon,274854,2012-02-07,2012,,,,,,2025-01-27
GCA_000328525.1,ASM32852v1,Halovivax ruber XH-70,797302,2012-12-27,2012,98.27,100.0,,v1.2.3,,2025-01-27
GCA_000275865.1,ASM27586v1,Methanofollis liminatans DSM 4140,28892,2012-07-13,2012,99.87,100.0,0.04,v1.2.3,,2025-01-27
GCF_000327505.1,ASM32750v1,Aciduliprofundum sp. MAR08-339,673860,2012-12-21,2012,100.0,100.0,,v1.2.3,,2025-01-27
GCF_000231015.2,ASM23101v3,Desulfurococcus amylolyticus DSM 16532,768672,2012-06-07,2012,98.66,50.0,0.02,v1.2.2,,2025-01-27
GCF_000828575.1,ASM82857v1,Methanothermobacter sp. CaT2,866790,2012-12-03,2012,95.43,100.0,1.71,v1.2.3,,2025-01-27
GCF_000230715.2,ASM23071v3,Natronobacterium gregoryi SP2,797304,2012-12-10,2012,97.11,100.0,0.58,v1.2.3,,2025-01-27
GCA_000281695.1,ASM28169v1,Natrinema sp. J7-2,406552,2012-07-25,2012,98.25,100.0,1.37,v1.2.3,,2025-01-27
GCF_000341715.1,ASM34171v1,Methanosarcina mazei Tuc01,1236903,2013-02-22,2013,89.95,2.857143,0.18,v1.2.3,,2025-01-27
GCA_000385565.1,ASM38556v1,Archaeoglobus sulfaticallidus PM70-1,387631,2013-04-30,2013,94.94,100.0,3.27,v1.2.3,,2025-01-27
GCF_000350305.1,ASM35030v1,Thermoplasmatales archaeon BRNA1,1054217,2013-04-02,2013,,,,,,2025-01-27
GCA_000152265.2,ASM15226v2,Ferroplasma acidarmanus Fer1,333146,2013-06-26,2013,99.65,100.0,0.65,v1.2.3,,2025-01-27
GCA_000508305.1,ASM50830v1,Sulfolobus acidocaldarius SUSAZ,1435377,2013-12-16,2013,,,,,,2025-01-27
GCA_000591055.1,ASM59105v1,Natronomonas moolapensis 8.8.11,268739,2013-02-21,2013,99.15,100.0,2.7,v1.2.3,,2025-01-27
GCA_000403645.1,ASM40364v1,Salinarchaeum sp. Harcht-Bsk1,1333523,2013-05-30,2013,97.84,100.0,,v1.2.3,,2025-01-27
GCF_000404225.1,ASM40422v1,Candidatus Methanomassiliicoccus intestinalis Issoire-Mx1,1295009,2013-06-03,2013,71.76,92.85714,19.86,v1.2.3,,2025-01-27
GCA_000499765.1,Methanobacterium,Methanobacterium sp. MB1,1379702,2013-11-14,2013,,,,,,2025-01-27
GCA_000404165.1,ASM40416v1,Methanobrevibacter sp. AbM4,224719,2013-06-03,2013,98.34,100.0,2.23,v1.2.3,,2025-01-27
GCF_000300255.2,ASM30025v2,Candidatus Methanomethylophilus alvi Mx1201,1236689,2013-04-09,2013,70.74,81.355934,13.05,v1.2.3,,2025-01-27
GCF_000364745.1,ASM36474v1,Saccharolobus islandicus LAL14/1,1241935,2013-04-15,2013,97.75,58.333332,0.35,v1.2.3,,2025-01-27
GCF_000591035.1,ASM59103v1,Aeropyrum camini SY1 = JCM 12091,1198449,2013-09-27,2013,93.37,100.0,0.9,v1.2.2,,2025-01-27
GCA_000338775.1,ASM33877v1,Sulfolobus acidocaldarius Ron12/I,1028567,2013-02-08,2013,97.18,84.210526,2.17,v1.2.2,,2025-01-27
GCA_000446015.1,ASM44601v1,Thermofilum adornatum,1365176,2013-08-13,2013,97.62,100.0,1.79,v1.2.2,,2025-01-27
GCA_000340315.1,ASM34031v1,Sulfolobus acidocaldarius N8,1028566,2013-02-08,2013,97.33,100.0,2.17,v1.2.2,,2025-01-27
GCA_000246985.3,ASM24698v3,Thermococcus litoralis DSM 5473,523849,2013-08-13,2013,98.82,100.0,2.27,v1.2.3,,2025-01-27
GCA_000470655.1,HATI1,Halorhabdus tiamatea SARL4B,1033806,2013-08-01,2013,98.27,100.0,1.31,v1.2.3,,2025-01-27
GCF_000517445.1,ASM51744v1,Thermococcus paralvinellae,582419,2014-01-10,2014,97.42,100.0,1.05,v1.2.3,,2025-01-27
GCA_000739065.1,ASM73906v1,Methanocaldococcus bathoardescens,1301915,2014-08-12,2014,97.86,100.0,0.74,v1.2.3,,2025-01-27
GCA_000685635.1,ASM68563v1,Haloferax mediterranei ATCC 33500,523841,2014-05-08,2014,96.06,20.0,,v1.2.3,,2025-01-27
GCA_000725425.1,ASM72542v1,Palaeococcus pacificus DY20341,1343739,2014-07-14,2014,99.68,100.0,0.63,v1.2.3,,2025-01-27
GCA_000698785.1,ASM69878v1,Nitrososphaera viennensis EN76,926571,2014-06-06,2014,98.05,100.0,5.64,v1.2.3,,2025-01-27
GCA_000585495.1,ASM58549v1,Thermococcus nautili,195522,2014-03-05,2014,99.34,50.0,0.7,v1.2.3,,2025-01-27
GCF_000812185.1,ASM81218v1,Candidatus Nitrosopelagicus brevis,1410606,2014-12-31,2014,95.57,100.0,1.93,v1.2.3,,2025-01-27
GCA_000504565.2,ASM50456v2,Haloarcula hispanica N601,1417673,2014-01-09,2014,99.48,100.0,0.4,v1.2.3,,2025-01-27
GCF_000517625.1,ASM51762v1,Halostagnicola larsenii XH-48,797299,2014-01-13,2014,100.0,100.0,,v1.2.3,,2025-01-27
GCF_000304355.2,Mb_MS2,Methanoculleus bourgensis MS2,1201294,2014-02-04,2014,96.9,83.333336,2.36,v1.2.3,,2025-01-27
GCA_000828555.1,ASM82855v1,Methanococcus maripaludis OS7,637915,2014-10-01,2014,96.52,75.0,0.41,v1.2.3,,2025-01-27
GCA_000828535.1,ASM82853v1,Methanococcus maripaludis KA1,637914,2014-10-01,2014,96.45,64.28571,4.75,v1.2.3,,2025-01-27
GCA_000747605.1,ASM74760v1,Metallosphaera sedula,43687,2014-09-04,2014,99.09,45.454544,,v1.2.2,,2025-01-27
GCF_000789255.1,ASM78925v1,Geoglobus acetivorans,565033,2014-12-04,2014,98.04,50.0,1.76,v1.2.3,,2025-01-27
GCA_000730285.1,ASM73028v1,Candidatus Nitrososphaera evergladensis SR1,1459636,2014-07-17,2014,97.86,100.0,7.26,v1.2.2,,2025-01-27
GCF_000800805.1,ASM80080v1,Candidatus Methanoplasma termitum,1577791,2014-12-11,2014,69.72,100.0,10.98,v1.2.3,,2025-01-27
GCF_000769655.1,ASM76965v1,Thermococcus eurythermalis,1505907,2014-10-28,2014,98.64,100.0,1.57,v1.2.3,,2025-01-27
GCA_000953115.1,DSM1535,Methanobacterium formicicum,2162,2014-09-10,2014,,,,,,2025-01-27
GCA_000734035.1,ASM73403v1,Archaeoglobus fulgidus DSM 8774,1344584,2014-07-28,2014,97.28,100.0,1.79,v1.2.3,,2025-01-27
GCA_000230955.3,ASM23095v3,Halobacterium sp. DL1,751944,2014-01-13,2014,99.5,100.0,0.48,v1.2.0,,2025-01-27
GCF_000969945.1,ASM96994v1,Methanosarcina sp. Kolksee,1434099,2015-04-07,2015,96.78,100.0,5.48,v1.2.3,,2025-01-27
GCA_000969925.1,ASM96992v1,Methanosarcina thermophila CHTI-55,1434121,2015-04-07,2015,89.72,84.61539,4.54,v1.2.3,,2025-01-27
GCA_000970245.1,ASM97024v1,Methanosarcina mazei C16,1434113,2015-04-07,2015,97.86,42.857143,0.8,v1.2.3,,2025-01-27
GCA_000969965.1,ASM96996v1,Methanosarcina sp. WWM596,1434103,2015-04-07,2015,92.77,100.0,3.75,v1.2.3,,2025-01-27
GCF_000970225.1,ASM97022v1,Methanosarcina mazei LYC,1434114,2015-04-07,2015,97.63,37.142857,1.96,v1.2.3,,2025-01-27
GCA_000970005.1,ASM97000v1,Methanosarcina sp. WH1,1434102,2015-04-07,2015,92.55,100.0,2.77,v1.2.3,,2025-01-27
GCF_000969885.1,ASM96988v1,Methanosarcina thermophila TM-1,523844,2015-04-07,2015,89.88,100.0,5.19,v1.2.3,,2025-01-27
GCA_000970045.1,ASM97004v1,Methanosarcina sp. MTP4,1434100,2015-04-07,2015,89.77,100.0,5.78,v1.2.3,,2025-01-27
GCF_000970185.1,ASM97018v1,Methanosarcina mazei SarPi,1434115,2015-04-07,2015,98.22,91.42857,0.48,v1.2.3,,2025-01-27
GCA_000970205.1,ASM97020v1,Methanosarcina mazei S-6,213585,2015-04-07,2015,98.22,91.42857,0.84,v1.2.3,,2025-01-27
GCF_000970165.1,ASM97016v1,Methanosarcina mazei WWM610,1434117,2015-04-07,2015,97.99,80.0,1.46,v1.2.3,,2025-01-27
GCF_000970145.1,ASM97014v1,Methanosarcina siciliae C2J,1434118,2015-04-07,2015,96.06,33.333332,5.29,v1.2.3,,2025-01-27
GCF_000970125.1,ASM97012v1,Methanosarcina siciliae HI350,1434119,2015-04-07,2015,96.67,100.0,3.51,v1.2.3,,2025-01-27
GCA_000830275.1,ASM83027v1,archaeon GW2011_AR10,1579370,2015-01-29,2015,,,,,,2025-01-27
GCA_000830295.1,ASM83029v1,archaeon GW2011_AR15,1579373,2015-01-29,2015,,,,,,2025-01-27
GCA_000830315.1,ASM83031v1,archaeon GW2011_AR20,1579378,2015-01-29,2015,,,,,,2025-01-27
GCF_000970085.1,ASM97008v1,Methanosarcina siciliae T4/M,1434120,2015-04-07,2015,96.12,66.666664,4.53,v1.2.3,,2025-01-27
GCA_000813245.1,ASM81324v1,Thermofilum adornatum 1505,697581,2015-01-02,2015,97.62,100.0,1.79,v1.2.2,,2025-01-27
GCA_000965745.1,ASM96574v1,uncultured archaeon,115547,2015-03-30,2015,,,,,,2025-01-27
GCA_001402855.1,ASM140285v1,Methanosarcina sp. 795,1653396,2015-10-22,2015,,,,,,2025-01-27
GCA_000969905.1,ASM96990v1,Methanosarcina vacuolata Z-761,1434123,2015-04-07,2015,97.16,100.0,5.58,v1.2.3,,2025-01-27
GCA_000970265.1,ASM97026v1,Methanosarcina lacustris Z-7289,1434111,2015-04-07,2015,89.74,100.0,4.15,v1.2.3,,2025-01-27
GCF_001006045.1,ASM100604v1,Geoglobus ahangari,113653,2015-05-11,2015,97.47,100.0,1.62,v1.2.3,,2025-01-27
GCA_000802205.2,ASM80220v2,Candidatus Nitrosocosmicus oleophilus,1353260,2015-10-08,2015,94.21,100.0,12.6,v1.2.2,,2025-01-27
GCA_000970325.1,ASM97032v1,Methanococcoides methylutens MM1,1434104,2015-04-07,2015,99.92,100.0,1.82,v1.2.3,,2025-01-27
GCA_001488575.1,Halobacterium hubeiense JI20-1,Halobacterium hubeiense,1407499,2015-12-17,2015,92.64,75.0,10.04,v1.2.3,,2025-01-27
GCA_000827835.1,ASM82783v1,Haloarcula sp. CBA1115,1592728,2015-01-23,2015,98.21,100.0,0.98,v1.2.3,,2025-01-27
GCF_000955905.1,ASM95590v3,Candidatus Nitrosotenuis cloacae,1603555,2015-04-20,2015,97.77,50.0,3.3,v1.2.2,,2025-01-27
GCF_001481685.1,ASM148168v1,Ignicoccus islandicus DSM 13165,940295,2015-12-23,2015,98.88,100.0,2.02,v1.2.2,,2025-01-27
GCA_001305655.1,ASM130565v1,Halanaeroarchaeum sulfurireducens,1604004,2015-10-02,2015,96.65,50.0,1.43,v1.2.3,,2025-01-27
GCF_001481635.1,ASM148163v1,Sulfolobus acidocaldarius,2285,2015-12-23,2015,95.59,50.877193,2.17,v1.2.2,,2025-01-27
GCF_001433455.1,ASM143345v1,Thermococcus barophilus,55802,2015-11-05,2015,98.43,50.0,3.35,v1.2.3,,2025-01-27
GCA_000993805.1,ASM99380v1,Infirmifilum uzonense,1550241,2015-05-07,2015,97.02,100.0,0.6,v1.2.3,,2025-01-27
GCA_001412615.1,ASM141261v1,Pyrodictium delaneyi,1273541,2015-10-26,2015,95.49,100.0,9.99,v1.2.2,,2025-01-27
GCA_001190965.1,ASM119096v1,Haloferax gibbonsii,35746,2015-08-03,2015,98.69,100.0,1.27,v1.2.3,,2025-01-27
GCA_000956175.1,ASM95617v1,Nitrosopumilus adriaticus,1580092,2015-03-19,2015,87.51,50.0,3.79,v1.2.2,,2025-01-27
GCA_000970305.1,ASM97030v1,Methanosarcina barkeri 3,1434107,2015-04-07,2015,96.56,33.333332,5.23,v1.2.3,,2025-01-27
GCF_001027005.1,ASM102700v1,Methanosarcina barkeri CM1,796385,2015-06-03,2015,97.78,83.333336,2.98,v1.2.3,,2025-01-27
GCF_000970025.1,ASM97002v1,Methanosarcina barkeri MS,1434108,2015-04-07,2015,97.36,66.666664,4.08,v1.2.3,,2025-01-27
GCF_000969985.1,ASM96998v1,Methanosarcina barkeri str. Wiesmoor,1434109,2015-04-07,2015,99.61,100.0,0.5,v1.2.3,,2025-01-27
GCF_001477655.1,ASM147765v1,Methanobrevibacter millerae,230361,2015-12-22,2015,97.81,83.333336,5.19,v1.2.3,,2025-01-27
GCF_000970285.1,ASM97028v1,Methanosarcina horonobensis HB-1 = JCM 15518,1434110,2015-04-07,2015,98.02,100.0,7.01,v1.2.3,,2025-01-27
GCF_000875775.1,ASM87577v1,Nitrosopumilus piranensis,1582439,2015-02-13,2015,93.33,100.0,12.83,v1.2.2,,2025-01-27
GCA_001189275.1,ASM118927v1,Pyrobaculum sp. WP30,1227555,2015-07-30,2015,96.27,100.0,0.05,v1.2.3,,2025-01-27
GCF_000816105.1,ASM81610v1,Thermococcus guaymasensis DSM 11113,1432656,2015-01-07,2015,98.81,100.0,1.05,v1.2.3,,2025-01-27
GCF_000970065.1,ASM97006v1,Methanosarcina barkeri 227,1434106,2015-04-07,2015,97.08,50.0,3.21,v1.2.3,,2025-01-27
GCA_900079125.1,MBBA,Methanoculleus bourgensis,83986,2016-05-05,2016,,,,,,2025-01-27
GCF_001563245.1,ASM156324v1,Methanobrevibacter olleyae,294671,2016-02-18,2016,96.99,100.0,2.68,v1.2.3,,2025-01-27
GCA_002355655.1,ASM235565v1,Halorubrum trapanicum,29284,2016-07-01,2016,97.79,100.0,3.77,v1.2.3,,2025-01-27
GCF_900095295.1,MCBB,Methanobacterium congolense,118062,2016-09-08,2016,95.39,100.0,5.5,v1.2.3,,2025-01-27
GCF_001560915.1,ASM156091v1,methanogenic archaeon ISO4-H5,1495144,2016-02-12,2016,,,,,,2025-01-27
GCA_001889405.1,ASM188940v1,Methanohalophilus halophilus,2177,2016-12-06,2016,98.83,100.0,,v1.2.3,,2025-01-27
GCA_001548675.1,ASM154867v1,Methanobrevibacter sp. YE315,1609968,2016-02-04,2016,98.03,100.0,6.79,v1.2.3,,2025-01-27
GCA_001563305.1,ASM156330v1,methanogenic archaeon mixed culture ISO4-G1,1452364,2016-02-18,2016,,,,,,2025-01-27
GCA_003584605.1,ASM358460v1,Methanosarcina thermophila,2210,2016-12-07,2016,89.88,100.0,5.84,v1.2.2,,2025-01-27
GCA_001719125.1,ASM171912v1,Saccharolobus sp. A20,1891280,2016-09-06,2016,97.03,100.0,2.37,v1.2.3,,2025-01-27
GCA_900079115.1,SSOP1,Saccharolobus solfataricus,2287,2016-04-11,2016,94.63,20.0,3.09,v1.2.2,,2025-01-27
GCA_001647085.1,ASM164708v1,Thermococcus piezophilus,1712654,2016-05-18,2016,93.15,100.0,1.52,v1.2.3,,2025-01-27
GCA_001870125.1,ASM187012v1,Candidatus Nitrosocosmicus hydrocola,1826872,2016-11-07,2016,93.35,100.0,10.38,v1.2.2,,2025-01-27
GCA_001552015.1,ASM155201v1,Candidatus Nanopusillus acidilobi,1577684,2016-02-04,2016,,,,,,2025-01-27
GCA_001592435.1,ASM159243v1,Thermococcus peptonophilus,53952,2016-03-15,2016,97.6,100.0,0.35,v1.2.3,,2025-01-27
GCA_001886955.1,ASM188695v1,Halodesulfurarchaeum formicicum,1873524,2016-11-28,2016,95.9,100.0,1.64,v1.2.3,,2025-01-27
GCF_900065925.1,NDEV.embl.gz,Nitrosotalea devaniterrae,1078905,2016-03-08,2016,,,,,,2025-01-27
GCF_900012635.1,Pyrococcus chitonophagus genome sequence,Thermococcus chitonophagus,54262,2016-04-15,2016,97.81,100.0,1.34,v1.2.3,,2025-01-27
GCF_001577775.1,ASM157777v1,Pyrococcus kukulkanii,1609559,2016-02-29,2016,96.12,8.333333,1.57,v1.2.3,,2025-01-27
GCF_001484685.1,ASM148468v1,Thermococcus sp. 2319x1,1674923,2016-01-04,2016,99.62,100.0,0.7,v1.2.3,,2025-01-27
GCF_900083515.1,ASM90008351v1,Cuniculiplasma divulgatum,1673428,2016-12-13,2016,87.85,100.0,5.53,v1.2.3,,2025-01-27
GCA_001761425.1,ASM176142v1,Nanohaloarchaea archaeon SG9,1737403,2016-10-12,2016,,,,,,2025-01-27
GCA_003431325.1,ASM343132v1,Acidilobus sp. 7A,1577685,2016-02-04,2016,95.2,100.0,2.22,v1.2.2,,2025-01-27
GCA_900095815.1,SIV6,Methanothermobacter wolfeii,145261,2016-12-16,2016,,,,,,2025-01-27
GCA_003584625.1,ASM358462v1,Methanothermobacter sp. MT-2,1898379,2016-12-07,2016,79.88,100.0,3.95,v1.2.2,,2025-01-27
GCF_002355635.1,ASM235563v1,Halopenitus persicus,1048396,2016-06-23,2016,97.72,100.0,,v1.2.3,,2025-01-27
GCA_002787055.1,ASM278705v1,Candidatus Nitrosotenuis aquarius,1846278,2017-11-20,2017,97.64,100.0,2.42,v1.2.2,,2025-01-27
GCF_002761295.1,ASM276129v1,Methanohalophilus portucalensis,39664,2017-11-07,2017,98.83,100.0,0.2,v1.2.3,,2025-01-27
GCF_002214385.1,ASM221438v1,Thermococcus gorgonarius,71997,2017-07-05,2017,99.57,100.0,0.35,v1.2.3,,2025-01-27
GCF_900198835.1,chr_EXT12c,Thermococcus henrietii,2016361,2017-10-17,2017,98.99,100.0,1.05,v1.2.3,,2025-01-27
GCA_002214365.1,ASM221436v1,Thermococcus celer Vu 13 = JCM 8558,1293037,2017-07-05,2017,98.7,100.0,0.7,v1.2.3,,2025-01-27
GCA_900177045.1,Candidatus Nitrosotalea koreensis CS whole genome,Candidatus Nitrosotalea okcheonensis,1903276,2017-11-20,2017,96.01,100.0,5.39,v1.2.3,,2025-01-27
GCA_002156965.1,ASM215696v1,Candidatus Nitrosomarinus catalina,1898749,2017-05-22,2017,86.78,100.0,8.5,v1.2.2,,2025-01-27
GCA_002214165.1,ASM221416v1,Candidatus Mancarchaeum acidiphilum,1920749,2017-07-03,2017,81.46,100.0,,v1.2.2,,2025-01-27
GCF_002214465.1,ASM221446v1,Thermococcus barossii,54077,2017-07-05,2017,99.51,100.0,0.35,v1.2.3,,2025-01-27
GCF_002078355.1,ASM207835v1,Ferroplasma acidiphilum,74969,2017-04-04,2017,98.79,100.0,1.45,v1.2.3,,2025-01-27
GCF_002201915.1,ASM220191v1,Methanopyrus sp. KOL6,1937004,2017-06-20,2017,95.9,100.0,1.64,v1.2.3,,2025-01-27
GCA_002214585.1,ASM221458v1,Thermococcus profundus,49899,2017-07-05,2017,99.21,100.0,0.35,v1.2.3,,2025-01-27
GCF_002788215.1,ASM278821v1,Halohasta litchfieldiae,1073996,2017-11-20,2017,99.52,100.0,1.76,v1.2.3,,2025-01-27
GCA_002214565.1,ASM221456v1,Thermococcus radiotolerans,187880,2017-07-05,2017,99.39,100.0,0.35,v1.2.3,,2025-01-27
GCF_002214505.1,ASM221450v1,Thermococcus siculi,72803,2017-07-05,2017,99.27,100.0,0.73,v1.2.3,,2025-01-27
GCF_002813085.1,ASM281308v1,Methanobrevibacter smithii,2173,2017-12-06,2017,96.7,74.566475,2.64,v1.2.3,,2025-01-27
GCA_002156705.1,ASM215670v1,Natrarchaeobaculum aegyptiacum,745377,2017-05-23,2017,98.27,100.0,0.41,v1.2.3,,2025-01-27
GCF_002197185.1,ASM219718v1,Thermococcus sp. 5-4,2008440,2017-06-16,2017,99.04,100.0,1.05,v1.2.3,,2025-01-27
GCF_002214525.1,ASM221452v1,Thermococcus sp. P6,122420,2017-07-05,2017,94.2,100.0,1.4,v1.2.3,,2025-01-27
GCA_001989615.1,ASM198961v1,Halorientalis sp. IM1011,1932360,2017-02-07,2017,99.93,100.0,1.66,v1.2.3,,2025-01-27
GCA_002356395.1,ASM235639v1,Methanothermobacter sp. EMTCatA1,2017966,2017-07-08,2017,94.98,100.0,1.41,v1.2.3,,2025-01-27
GCF_002214545.1,ASM221454v1,Thermococcus thioreducens,277988,2017-07-05,2017,97.82,66.666664,1.05,v1.2.3,,2025-01-27
GCA_002116695.1,ASM211669v1,Acidianus manzaensis,282676,2017-05-01,2017,99.25,100.0,2.26,v1.2.2,,2025-01-27
GCA_002813695.1,ASM281369v1,Methanobacterium subterraneum,59277,2017-12-07,2017,93.51,75.0,4.4,v1.2.3,,2025-01-27
GCF_002844335.1,ASM284433v1,Haloarcula taiwanensis,1932004,2017-12-18,2017,98.14,100.0,1.32,v1.2.2,,2025-01-27
GCF_002201895.1,ASM220189v1,Methanopyrus sp. SNP6,1937005,2017-06-20,2017,95.94,100.0,1.6,v1.2.3,,2025-01-27
GCF_002214485.1,ASM221448v1,Thermococcus pacificus,71998,2017-07-05,2017,99.3,100.0,1.22,v1.2.3,,2025-01-27
GCF_000226975.2,ASM22697v3,Halobiforma lacisalsi AJ5,358396,2017-01-23,2017,96.73,50.0,5.48,v1.2.3,,2025-01-27
GCA_001971705.1,ASM197170v1,Natronorubrum daqingense,588898,2017-01-26,2017,76.51,100.0,6.9,v1.2.3,,2025-01-27
GCF_002813675.1,ASM281367v1,Methanobacterium sp. MZ-A1,1911685,2017-12-07,2017,94.22,100.0,4.16,v1.2.3,,2025-01-27
GCF_002945325.1,ASM294532v1,Methanococcus maripaludis,39152,2018-02-12,2018,90.67,7.142857,0.46,v1.2.3,,2025-01-27
GCF_900248165.1,Nitrosocaldus cavascurensis SCU2 chromosome,Candidatus Nitrosocaldus cavascurensis,2058097,2018-01-31,2018,90.65,100.0,4.88,v1.2.2,,2025-01-27
GCF_002906215.1,ASM290621v1,Candidatus Nitrosocaldus islandicus,2045011,2018-01-29,2018,89.52,100.0,4.88,v1.2.2,,2025-01-27
GCA_003491285.1,ASM349128v1,Methanobacterium sp. BRmetb2,2025350,2018-09-07,2018,,,,,,2025-01-27
GCF_003491305.1,ASM349130v1,Methanobacterium sp. BAmetb5,2025351,2018-09-07,2018,94.17,100.0,2.21,v1.2.3,,2025-01-27
GCF_003268005.1,ASM326800v1,Methanosphaera sp. BMS,1789762,2018-06-26,2018,98.88,100.0,2.22,v1.2.3,,2025-01-27
GCF_003967175.1,Sacidi_1.0,Sulfodiicoccus acidiphilus,1670455,2018-08-01,2018,85.67,50.0,3.45,v1.2.2,,2025-01-27
GCF_003711245.1,ASM371124v1,Methanomethylophilus alvi,1291540,2018-11-05,2018,70.74,81.355934,13.05,v1.2.3,,2025-01-27
GCF_003058365.1,ASM305836v1,Halococcoides cellulosivorans,1679096,2018-04-21,2018,96.78,100.0,0.35,v1.2.3,,2025-01-27
GCF_001304615.2,ASM130461v2,Methanosarcina flavescens,1715806,2018-10-16,2018,90.12,100.0,4.15,v1.2.3,,2025-01-27
GCA_003430825.1,ASM343082v1,Natrarchaeobaculum sulfurireducens,2044521,2018-08-28,2018,98.27,50.0,,v1.2.3,,2025-01-27
GCF_003856835.1,ASM385683v1,Haloplanus aerogenes,660522,2018-12-03,2018,99.52,100.0,0.45,v1.2.3,,2025-01-27
GCF_003342675.1,ASM334267v1,Haloplanus rubicundus,1547898,2018-07-26,2018,98.96,50.0,0.91,v1.2.3,,2025-01-27
GCF_003351865.1,ASM335186v1,Methanofervidicoccus sp. A16,2607662,2018-08-01,2018,99.09,100.0,0.08,v1.2.3,,2025-01-27
GCF_002906575.1,ASM290657v1,Salinigranum rubrum,755307,2018-01-30,2018,92.53,100.0,0.41,v1.2.3,,2025-01-27
GCF_002952775.1,ASM295277v1,Halalkaliarchaeum desulfuricum,2055893,2018-02-01,2018,98.89,100.0,2.7,v1.2.3,,2025-01-27
GCF_005890195.1,ASM589019v1,Natrinema pallidum,69527,2019-05-30,2019,97.68,66.666664,2.08,v1.2.3,,2025-01-27
GCF_005485005.1,ASM548500v1,Methanosarcina mazei,2209,2019-05-17,2019,98.19,81.42857,0.8,v1.2.3,,2025-01-27
GCF_009729055.1,ASM972905v1,Sulfurisphaera ohwakuensis,69656,2019-12-04,2019,99.31,100.0,0.67,v1.2.2,,2025-01-27
GCA_008326425.1,SulIC006_1.0,Sulfuracidifex tepidarius,1294262,2019-08-09,2019,98.98,100.0,0.72,v1.2.3,,2025-01-27
GCA_009602405.1,ASM960240v1,Sulfolobus sp. E11-6,2663020,2019-11-06,2019,87.69,100.0,0.55,v1.2.2,,2025-01-27
GCA_008033705.1,ASM803370v1,Methanothermobacter sp. KEPCO-1,2603820,2019-08-20,2019,95.59,100.0,0.84,v1.2.3,,2025-01-27
GCF_009729035.1,ASM972903v1,Stygiolobus azoricus,41675,2019-12-04,2019,98.2,100.0,1.05,v1.2.2,,2025-01-27
GCA_902384015.1,UHGG_MGYG-HGUT-02164,Methanosphaera stadtmanae,2317,2019-08-10,2019,99.38,100.0,,v1.2.3,,2025-01-27
GCF_004799625.1,ASM479962v1,Natrinema thermotolerans,121872,2019-04-18,2019,,,,,,2025-01-27
GCA_005576615.1,ASM557661v1,Natrinema versiforme,88724,2019-05-22,2019,95.37,100.0,14.03,v1.2.3,,2025-01-27
GCA_008152015.1,ASM815201v1,Thermococcus aciditolerans,2598455,2019-08-30,2019,99.3,100.0,0.35,v1.2.3,,2025-01-27
GCF_009601705.1,ASM960170v1,Saccharolobus sp. E5-1-F,2663019,2019-11-06,2019,96.09,100.0,0.99,v1.2.3,,2025-01-27
GCF_007833275.1,ASM783327v1,Salarchaeum sp. JOR-1,2599399,2019-08-05,2019,99.18,100.0,0.41,v1.2.3,,2025-01-27
GCF_006274605.1,ASM627460v1,Thermococcus indicus,2586643,2019-06-12,2019,98.18,100.0,1.05,v1.2.3,,2025-01-27
GCF_009789175.1,ASM978917v1,Salinibaculum litoreum,1710541,2019-12-21,2019,98.27,100.0,0.41,v1.2.2,,2025-01-27
GCA_004799645.1,ASM479964v1,Natronorubrum bangense,61858,2019-04-18,2019,79.12,100.0,19.68,v1.2.3,,2025-01-27
GCA_009392895.1,ASM939289v1,Natronorubrum aibiense,348826,2019-10-30,2019,79.65,100.0,12.66,v1.2.3,,2025-01-27
GCF_009729015.1,ASM972901v1,Acidianus ambivalens,2283,2019-12-04,2019,98.52,100.0,1.78,v1.2.2,,2025-01-27
GCF_013340765.1,NAS2_1.0,Conexivisphaera calida,1874277,2019-05-09,2019,70.69,100.0,12.29,v1.2.2,,2025-01-27
GCF_009217585.1,ASM921758v1,Halomicrobium sp. ZPS1,2790029,2019-10-22,2019,93.38,100.0,1.35,v1.2.3,,2025-01-27
GCA_004799605.1,ASM479960v1,Halobacterium salinarum,2242,2019-04-18,2019,96.7,46.153847,1.12,v1.2.3,,2025-01-27
GCA_009762275.1,ASM976227v1,Haloplanus rallus,1816183,2019-12-18,2019,98.96,100.0,0.91,v1.2.3,,2025-01-27
GCF_004799665.1,ASM479966v1,Halapricum salinum,1457250,2019-04-18,2019,99.1,50.0,1.24,v1.2.3,,2025-01-27
GCA_902383905.1,UHGG_MGYG-HGUT-02160,Candidatus Methanomassiliicoccus intestinalis,1406512,2019-08-10,2019,71.76,92.85714,19.86,v1.2.3,,2025-01-27
GCA_009690625.1,ASM969062v1,Halorhabdus sp. CBA1104,1380432,2019-11-22,2019,93.92,100.0,0.69,v1.2.3,,2025-01-27
GCA_005222525.1,ASM522252v1,Metallosphaera prunae,47304,2019-05-07,2019,99.12,100.0,0.28,v1.2.3,,2025-01-27
GCF_004803735.1,ASM480373v1,Halomicrobium mukohataei,57705,2019-04-23,2019,97.1,50.0,1.78,v1.2.3,,2025-01-27
GCF_009617975.1,ASM961797v1,Candidatus Nanohalobium constans,2565781,2019-11-07,2019,85.2,100.0,0.93,v1.2.3,,2025-01-27
GCA_004087835.1,ASM408783v1,Halorussus pelagicus,2505977,2019-01-21,2019,99.1,100.0,1.24,v1.2.3,,2025-01-27
GCA_003990725.2,ASM399072v2,Halorubrum sp. PV6,634157,2019-08-05,2019,97.69,100.0,2.9,v1.2.3,,2025-01-27
GCA_009392915.1,ASM939291v1,Candidatus Forterrea multitransposorum CG_2015-17_Forterrea_25_41,2107591,2019-10-30,2019,,,,,,2025-01-27
GCA_004799685.1,ASM479968v1,Halobellus limi,699433,2019-04-18,2019,96.87,50.0,1.04,v1.2.3,,2025-01-27
GCF_005155585.1,ASM515558v1,Haloprofundus sp. MHR1,2572921,2019-05-06,2019,97.44,100.0,,v1.2.3,,2025-01-27
GCA_008831545.1,ASM883154v1,Halorussus halophilus,2650975,2019-10-07,2019,99.1,100.0,1.45,v1.2.3,,2025-01-27
GCF_009617995.1,ASM961799v1,Halomicrobium sp. LC1Hm,2610902,2019-11-07,2019,93.14,100.0,4.83,v1.2.3,,2025-01-27
GCA_006740685.1,ASM674068v1,Candidatus Nitrosopumilus sp. SW,2508726,2019-07-08,2019,90.93,100.0,4.42,v1.2.3,,2025-01-27
GCF_004126515.1,ASM412651v1,Halorubrum ezzemoulense,337243,2019-02-01,2019,98.9,15.555555,2.39,v1.2.3,,2025-01-27
GCA_900696045.1,Nitrosocosmicus franklandus C13,Candidatus Nitrosocosmicus franklandus,1798806,2019-03-25,2019,93.67,100.0,6.31,v1.2.2,,2025-01-27
GCA_005954745.1,ASM595474v1,Halostella pelagica,2583824,2019-06-04,2019,99.52,100.0,1.18,v1.2.2,,2025-01-27
GCF_004114375.1,ASM411437v1,Halorubrum sp. BOL3-1,2497325,2019-01-25,2019,96.42,100.0,5.08,v1.2.3,,2025-01-27
GCF_013415885.1,ASM1341588v1,Halosimplex rubrum,869889,2020-07-15,2020,99.93,100.0,1.66,v1.2.3,,2025-01-27
GCA_013415905.1,ASM1341590v1,Halosimplex pelagicum,869886,2020-07-15,2020,99.72,100.0,4.29,v1.2.2,,2025-01-27
GCA_013426015.1,ASM1342601v1,Candidatus Fermentimicrarchaeum limneticum,2795018,2020-07-20,2020,,,,,,2025-01-27
GCA_012222305.1,ASM1222230v1,Sulfolobus sp. S-194,2512240,2020-04-09,2020,97.26,100.0,3.11,v1.2.2,,2025-01-27
GCA_013407275.1,ASM1340727v1,Candidatus Nitrosotenuis sp. DW1,2259672,2020-07-13,2020,95.7,100.0,4.01,v1.2.2,,2025-01-27
GCA_016432305.1,ASM1643230v1,Candidatus Woesearchaeota archaeon,2026803,2020-12-29,2020,,,,,,2025-01-27
GCA_010092465.1,ASM1009246v1,haloarchaeon 3A1-DGR,1071085,2020-02-01,2020,,,,,,2025-01-27
GCF_904067545.1,T_caminus_IRI35c,Thermococcus camini,2016373,2020-09-11,2020,99.69,100.0,0.42,v1.2.3,,2025-01-27
GCA_009911715.1,ASM991171v1,Methanomassiliicoccaceae archaeon DOK,1535962,2020-01-22,2020,,,,,,2025-01-27
GCA_013343275.1,ASM1334327v1,Candidatus Nanohaloarchaea archaeon,2594798,2020-06-15,2020,,,,,,2025-01-27
GCF_016065055.1,ASM1606505v1,Halosimplex litoreum,1198301,2020-12-15,2020,99.93,100.0,0.87,v1.2.3,,2025-01-27
GCA_011602445.1,ASM1160244v1,Haloarcula sp. JP-L23,2716717,2020-03-21,2020,90.2,100.0,14.75,v1.2.3,,2025-01-27
GCA_013415865.1,ASM1341586v1,Methanomassiliicoccales archaeon,1906667,2020-07-15,2020,,,,,,2025-01-27
GCA_009914355.1,ASM991435v1,Methanothermobacter sp. THM-1,2606911,2020-01-22,2020,89.65,100.0,3.15,v1.2.3,,2025-01-27
GCF_009917665.1,ASM991766v1,Methanothermobacter sp. THM-2,2606912,2020-01-23,2020,91.2,100.0,0.9,v1.2.3,,2025-01-27
GCF_013388255.1,ASM1338825v1,Methanolobus zinderi,536044,2020-07-04,2020,89.14,100.0,3.89,v1.2.2,,2025-01-27
GCF_013391105.1,ASM1339110v1,Natronomonas salina,1710540,2020-07-07,2020,97.37,100.0,1.66,v1.2.2,,2025-01-27
GCF_014876775.1,ASM1487677v1,Infirmifilum lucidum,2776706,2020-10-11,2020,97.02,100.0,1.19,v1.2.3,,2025-01-27
GCA_013407165.1,ASM1340716v1,Nitrosopumilus oxyclinae,1959104,2020-07-13,2020,89.65,100.0,9.05,v1.2.2,,2025-01-27
GCA_016432325.1,ASM1643232v1,Candidatus Aenigmatarchaeota archaeon,3121606,2020-12-29,2020,,,,,,2025-01-27
GCA_013407145.1,ASM1340714v1,Nitrosopumilus cobalaminigenes,1470066,2020-07-13,2020,90.83,100.0,8.46,v1.2.2,,2025-01-27
GCF_003721435.2,ASM372143v2,Halorubrum sp. CBA1229,1853699,2020-06-24,2020,98.81,100.0,7.63,v1.2.2,,2025-01-27
GCA_013407385.1,ASM1340738v1,Nitrosarchaeum sp. AC2,2259673,2020-07-13,2020,91.23,100.0,3.23,v1.2.3,,2025-01-27
GCA_011765365.1,ASM1176536v1,Halogeometricum borinquense,60847,2020-03-29,2020,,,,,,2025-01-27
GCA_013267195.1,ASM1326719v1,Halorubrum salinarum,2739057,2020-06-04,2020,98.17,100.0,4.97,v1.2.3,,2025-01-27
GCA_016432545.1,ASM1643254v1,archaeon,1906665,2020-12-29,2020,,,,,,2025-01-27
GCA_010692905.1,ASM1069290v1,Haloferax volcanii,2246,2020-02-18,2020,97.54,33.333332,4.25,v1.2.3,,2025-01-27
GCF_013391085.1,ASM1339108v1,Natronomonas halophila,2747817,2020-07-07,2020,99.17,100.0,1.66,v1.2.2,,2025-01-27
GCF_014962245.1,ASM1496224v1,Thermosphaera aggregans,54254,2020-10-27,2020,99.1,50.0,,v1.2.2,,2025-01-27
GCA_003201765.2,ASM320176v2,Acidianus sulfidivorans JP7,619593,2020-03-10,2020,99.64,100.0,2.4,v1.2.2,,2025-01-27
GCA_003201835.2,ASM320183v2,Acidianus brierleyi,41673,2020-03-10,2020,98.9,100.0,3.83,v1.2.2,,2025-01-27
GCA_014075315.1,ASM1407531v1,Nitrosopumilus sp.,2024843,2020-08-05,2020,88.75,93.44978,13.3,v1.2.2,,2025-01-27
GCF_013401515.1,ASM1340151v1,Halorarum halophilum,2743090,2020-07-11,2020,98.58,100.0,1.9,v1.2.3,,2025-01-27
GCA_002025255.2,ASM202525v2,Halolamina sp. CBA1230,1853690,2020-06-24,2020,97.23,100.0,0.83,v1.2.3,,2025-01-27
GCF_013402875.1,ASM1340287v1,Halorarum salinum,2743089,2020-07-12,2020,99.0,100.0,1.39,v1.2.3,,2025-01-27
GCA_003721175.2,ASM372117v2,Halarchaeum sp. CBA1220,1853682,2020-07-02,2020,99.18,100.0,0.41,v1.2.3,,2025-01-27
GCF_003201675.2,ASM320167v2,Metallosphaera hakonensis JCM 8857 = DSM 7519,1293036,2020-03-10,2020,96.55,100.0,1.15,v1.2.2,,2025-01-27
GCF_013343295.1,ASM1334329v1,Metallosphaera tengchongensis,1532350,2020-06-15,2020,96.77,100.0,1.68,v1.2.2,,2025-01-27
GCA_013407185.1,ASM1340718v1,Nitrosopumilus ureiphilus,1470067,2020-07-13,2020,91.68,100.0,11.83,v1.2.2,,2025-01-27
GCA_019263745.1,ASM1926374v1,Methanospirillum hungatei,2203,2021-07-16,2021,99.86,100.0,1.35,v1.2.3,,2025-01-27
GCA_019175325.1,ASM1917532v1,Saccharolobus shibatae,2286,2021-07-08,2021,98.97,100.0,,v1.2.3,,2025-01-27
GCF_019175345.1,ASM1917534v1,Saccharolobus shibatae B12,523848,2021-07-08,2021,98.97,100.0,0.67,v1.2.3,,2025-01-27
GCA_017094505.1,ASM1709450v1,Halapricum desulfuricans,2841257,2021-03-01,2021,97.62,25.0,1.49,v1.2.2,,2025-01-27
GCA_020097815.1,ASM2009781v1,Haloprofundus salinisoli,2876193,2021-09-23,2021,99.38,100.0,0.41,v1.2.2,,2025-01-27
GCA_020097835.1,ASM2009783v1,Haloprofundus halobius,2876194,2021-09-23,2021,98.96,100.0,0.83,v1.2.2,,2025-01-27
GCA_020150815.1,ASM2015081v1,Haloprofundus salilacus,2876190,2021-09-26,2021,98.69,100.0,0.41,v1.2.2,,2025-01-27
GCF_016917855.1,ASM1691785v1,Halobacterium sp. GSL-19,2812551,2021-02-22,2021,97.04,100.0,1.49,v1.2.2,,2025-01-27
GCA_020736935.1,ASM2073693v1,Methanothrix sp.,90426,2021-11-03,2021,,,,,,2025-01-27
GCA_020405245.1,ASM2040524v1,Halomicrobium salinisoli,2878391,2021-10-10,2021,86.0,100.0,17.37,v1.2.2,,2025-01-27
GCA_020344955.1,ASM2034495v1,Promethearchaeota archaeon,2053489,2021-10-07,2021,,,,,,2025-01-27
GCF_017094485.1,ASM1709448v1,Natranaeroarchaeum sulfidigenes,2784880,2021-03-01,2021,99.5,100.0,0.41,v1.2.3,,2025-01-27
GCA_018128925.1,ASM1812892v1,Nitrosopumilus sp. K4,2795383,2021-04-22,2021,93.08,100.0,9.02,v1.2.3,,2025-01-27
GCF_013402815.2,ASM1340281v2,Natrinema halophilum,1699371,2021-10-19,2021,94.43,100.0,9.31,v1.2.2,,2025-01-27
GCF_017352095.1,ASM1735209v1,Natrinema longum,370324,2021-03-14,2021,95.44,50.0,6.86,v1.2.2,,2025-01-27
GCF_020405205.1,ASM2040520v1,Natrinema salinisoli,2878535,2021-10-10,2021,94.18,100.0,14.85,v1.2.2,,2025-01-27
GCF_020405225.1,ASM2040522v1,Natrinema sp. DC36,2878680,2021-10-10,2021,94.4,100.0,12.76,v1.2.2,,2025-01-27
GCF_019879105.1,ASM1987910v1,Natrinema sp. SYSU A 869,2871694,2021-09-04,2021,91.26,100.0,17.52,v1.2.2,,2025-01-27
GCF_013456555.2,ASM1345655v2,Natrinema zhouii,1710539,2021-10-19,2021,94.66,100.0,19.35,v1.2.2,,2025-01-27
GCF_020217425.1,ASM2021742v1,Halomicrobium urmianum,1586233,2021-10-03,2021,86.71,100.0,16.7,v1.2.3,,2025-01-27
GCA_019880225.1,ASM1988022v1,Halobaculum rubrum,2872158,2021-09-05,2021,97.98,100.0,1.45,v1.2.2,,2025-01-27
GCF_018200015.1,ASM1820001v1,Haloarcula sinaiiensis ATCC 33800,662476,2021-04-29,2021,99.22,100.0,2.67,v1.2.2,,2025-01-27
GCF_018502485.1,ASM1850248v1,Methanospirillum sp. J.3.6.1-F.2.7.3,2834276,2021-05-26,2021,99.86,100.0,1.5,v1.2.3,,2025-01-27
GCF_021233415.1,ASM2123341v1,Halobacterium litoreum,2039234,2021-12-20,2021,92.47,100.0,7.28,v1.2.3,,2025-01-27
GCF_021233435.1,ASM2123343v1,Halobacterium noricense,223182,2021-12-20,2021,88.86,50.0,12.91,v1.2.3,,2025-01-27
GCF_020736485.1,ASM2073648v1,Halobacterium salinarum NRC-34001,2886895,2021-11-03,2021,98.16,84.61539,0.22,v1.2.2,,2025-01-27
GCF_016917835.2,ASM1691783v3,Halobacterium sp. BOL4-2,2810537,2021-10-20,2021,97.93,100.0,1.26,v1.2.2,,2025-01-27
GCA_020886315.1,ASM2088631v1,Saccharolobus caldissimus,1702097,2021-11-05,2021,98.47,100.0,1.4,v1.2.2,,2025-01-27
GCF_021249345.1,ASM2124934v1,Halobacterium wangiae,2902623,2021-12-21,2021,95.35,100.0,7.25,v1.2.2,,2025-01-27
GCF_021249405.1,ASM2124940v1,Halobacterium zhouii,2902624,2021-12-21,2021,88.66,100.0,6.64,v1.2.2,,2025-01-27
GCF_019823105.1,ASM1982310v1,Halobaculum magnesiiphilum,1017351,2021-08-31,2021,98.17,100.0,1.45,v1.2.2,,2025-01-27
GCF_019880245.1,ASM1988024v1,Halobaculum roseum,2175149,2021-09-05,2021,97.88,100.0,3.11,v1.2.2,,2025-01-27
GCA_020614395.1,ASM2061439v1,Salarchaeum japonicum,555573,2021-10-26,2021,99.18,100.0,0.82,v1.2.3,,2025-01-27
GCA_020352535.1,ASM2035253v1,Candidatus Bathyarchaeota archaeon,2026714,2021-10-07,2021,,,,,,2025-01-27
GCF_018228765.1,ASM1822876v1,Halorubrum ruber,2982524,2021-05-03,2021,93.87,100.0,2.57,v1.2.2,,2025-01-27
GCF_017357525.1,ASM1735752v1,Methanofollis aquaemaris,126734,2021-03-16,2021,97.33,100.0,3.46,v1.2.3,,2025-01-27
GCF_019633745.1,ASM1963374v1,Methanofollis formosanus,299308,2021-08-16,2021,96.1,100.0,3.0,v1.2.2,,2025-01-27
GCA_020351895.1,ASM2035189v1,Thermoplasmata archaeon,1906666,2021-10-07,2021,,,,,,2025-01-27
GCA_020344315.1,ASM2034431v1,Candidatus Bathyarchaeum sp.,3072974,2021-10-07,2021,,,,,,2025-01-27
GCA_020348965.1,ASM2034896v1,Candidatus Heimdallarchaeota archaeon,2026747,2021-10-07,2021,,,,,,2025-01-27
GCA_018141185.1,ASM1814118v1,Methanobacterium alkalithermotolerans,2731220,2021-04-27,2021,91.33,100.0,5.38,v1.2.3,,2025-01-27
GCA_016806715.1,ASM1680671v1,Thermoplasmatales archaeon,2268204,2021-02-03,2021,,,,,,2025-01-27
GCA_016699555.1,ASM1669955v1,Candidatus Iainarchaeum archaeon,2026736,2021-01-19,2021,,,,,,2025-01-27
GCA_019262145.1,ASM1926214v1,Candidatus Methanogranum gryphiswaldense,2848114,2021-07-16,2021,,,,,,2025-01-27
GCF_020885915.1,ASM2088591v1,Candidatus Methanoliparum sp. LAM-1,2874846,2021-11-10,2021,95.73,100.0,,v1.2.2,,2025-01-27
GCA_016906025.1,ASM1690602v1,Haloterrigena salifodinae,2675099,2021-02-18,2021,93.61,100.0,4.41,v1.2.3,,2025-01-27
GCA_020345725.1,ASM2034572v1,Methanobacteriota archaeon,2026739,2021-10-07,2021,,,,,,2025-01-27
GCA_021184045.1,ASM2118404v1,Methanococcoides orientis,2822137,2021-12-14,2021,99.79,100.0,0.72,v1.2.3,,2025-01-27
GCA_021654415.1,MjAS7_1.0,Metallosphaera javensis (ex Sakai et al. 2022),2775498,2021-11-26,2021,97.52,100.0,2.12,v1.2.2,,2025-01-27
GCF_019669965.1,ASM1966996v1,Methanoculleus chikugoensis,118126,2021-06-02,2021,97.83,75.0,4.05,v1.2.2,,2025-01-27
GCA_905171695.1,GoM-Arc1_E37,Candidatus Methanoperedenaceae archaeon GB37,2691037,2021-01-27,2021,,,,,,2025-01-27
GCA_019704295.1,ASM1970429v1,Sulfolobales archaeon HS-7,2823152,2021-06-11,2021,,,,,,2025-01-27
GCA_020614375.1,ASM2061437v1,Haladaptatus salinisoli,2884876,2021-10-26,2021,99.52,100.0,2.35,v1.2.3,,2025-01-27
GCA_016699325.1,ASM1669932v1,Methanolinea sp.,2268143,2021-01-19,2021,,,,,,2025-01-27
GCF_019704315.1,ASM1970431v1,Stygiolobus caldivivus,2824673,2021-06-11,2021,97.52,100.0,2.06,v1.2.2,,2025-01-27
GCA_902827205.1,Methanocaldococcus_lauensis_SG1,Methanocaldococcus lauensis,2546128,2021-05-25,2021,97.7,50.0,0.53,v1.2.0,,2025-01-27
GCF_019669925.1,ASM1966992v1,Methanobrevibacter arboriphilus,39441,2021-06-02,2021,94.21,100.0,7.47,v1.2.2,,2025-01-27
GCA_019693215.1,ASM1969321v1,Salinarchaeum sp. IM2453,2862870,2021-08-19,2021,96.65,100.0,1.66,v1.2.3,,2025-01-27
GCA_021655615.1,ASM2165561v1,Acidianus sp. HS-5,2886040,2021-11-19,2021,96.29,100.0,1.39,v1.2.2,,2025-01-27
GCA_018623055.1,ASM1862305v1,Halorubrum sp. 2020YC2,2836432,2021-06-02,2021,95.84,100.0,1.05,v1.2.2,,2025-01-27
GCA_020700235.1,ASM2070023v1,Haladaptatus pallidirubidus,1008152,2021-11-01,2021,99.52,100.0,2.35,v1.2.3,,2025-01-27
GCA_020348985.1,ASM2034898v1,Candidatus Thorarchaeota archaeon,2053491,2021-10-07,2021,,,,,,2025-01-27
GCA_016806735.1,ASM1680673v1,Candidatus Micrarchaeum sp.,2282148,2021-02-03,2021,81.42,100.0,0.93,v1.2.3,,2025-01-27
GCA_021654395.1,ARM1_1.0,Candidatus Micrarchaeota archaeon,2250274,2021-11-26,2021,,,,,,2025-01-27
GCA_905171745.1,HotSEEP1_E50,Candidatus Methanoperedenaceae archaeon GB50,2691038,2021-01-27,2021,,,,,,2025-01-27
GCA_017352155.2,ASM1735215v2,Haloterrigena alkaliphila,2816475,2021-10-19,2021,90.46,100.0,9.4,v1.2.2,,2025-01-27
GCF_020618475.1,ASM2061847v1,Haladaptatus halobius,2884875,2021-10-26,2021,99.93,100.0,2.14,v1.2.3,,2025-01-27
GCA_023973145.1,ASM2397314v1,Natronosalvus vescus,2953881,2022-06-28,2022,97.86,100.0,0.83,v1.2.2,,2025-01-27
GCF_024362525.1,ASM2436252v1,Natrononativus amylolyticus,2963434,2022-07-21,2022,98.89,100.0,0.69,v1.2.2,,2025-01-27
GCF_024730625.1,ASM2473062v1,Haloferax larsenii,302484,2022-08-22,2022,96.12,66.666664,4.11,v1.2.2,,2025-01-27
GCF_024298845.1,ASM2429884v1,Natronosalvus amylolyticus,2961994,2022-07-18,2022,98.76,100.0,0.62,v1.2.2,,2025-01-27
GCF_017357105.1,ASM1735710v2,Natronosalvus caseinilyticus,2953747,2022-07-13,2022,97.86,100.0,0.41,v1.2.2,,2025-01-27
GCF_024138145.1,ASM2413814v1,Natronosalvus halobius,2953746,2022-07-05,2022,98.13,100.0,0.83,v1.2.2,,2025-01-27
GCF_024204665.1,ASM2420466v1,Natronosalvus rutilus,2953753,2022-07-11,2022,98.34,100.0,0.97,v1.2.2,,2025-01-27
GCF_025998175.1,ASM2599817v1,Nitrosopumilus zosterae,718286,2022-08-25,2022,90.53,100.0,7.53,v1.2.2,,2025-01-27
GCA_024498335.1,ASM2449833v1,Halobellus inordinatus,1126236,2022-08-01,2022,98.65,50.0,,v1.2.3,,2025-01-27
GCF_024760425.1,ASM2476042v1,Nitrososphaera viennensis,1034015,2022-08-29,2022,97.23,66.666664,5.64,v1.2.3,,2025-01-27
GCF_024022995.1,ASM2402299v1,Thermococcus aggregans,110163,2022-06-29,2022,98.25,100.0,0.77,v1.2.3,,2025-01-27
GCA_026016245.1,ASM2601624v1,Candidatus Pacearchaeota archaeon,2026773,2022-11-07,2022,,,,,,2025-01-27
GCF_026248685.1,ASM2624868v1,Haladaptatus caseinilyticus,2993314,2022-11-21,2022,99.52,100.0,1.8,v1.2.3,,2025-01-27
GCA_025231485.1,ASM2523148v1,Salinirubellus salinus,1364945,2022-09-11,2022,98.76,100.0,2.49,v1.2.3,,2025-01-27
GCA_024218815.1,ASM2421881v1,Haloarcula marina,2961574,2022-07-12,2022,99.79,50.0,0.41,v1.2.2,,2025-01-27
GCA_024296665.1,ASM2429666v1,Salinilacihabitans rarus,2961596,2022-07-17,2022,99.17,100.0,0.58,v1.2.2,,2025-01-27
GCF_024972735.1,ASM2497273v1,Halalkaliarchaeum sp. AArc-CO,2866381,2022-09-06,2022,97.57,100.0,0.62,v1.2.2,,2025-01-27
GCA_024228675.1,ASM2422867v1,Salinigranum marinum,1515595,2022-07-13,2022,99.41,100.0,1.66,v1.2.2,,2025-01-27
GCF_024972755.1,ASM2497275v1,Halanaeroarchaeum sp. HSR-CO,2866382,2022-09-06,2022,96.24,100.0,1.02,v1.2.3,,2025-01-27
GCA_023204835.1,ASM2320483v1,Salinarchaeum laminariae,869888,2022-05-02,2022,97.43,100.0,,v1.2.3,,2025-01-27
GCF_023746595.1,ASM2374659v1,Thermococcus argininiproducens,2866384,2022-06-16,2022,99.48,100.0,1.05,v1.2.2,,2025-01-27
GCA_025962715.1,ASM2596271v1,Candidatus Methanospirare jalkutatii,2977098,2022-11-02,2022,,,,,,2025-01-27
GCA_024508235.1,ASM2450823v1,Halococcus qingdaonensis,224402,2022-08-03,2022,96.01,100.0,4.15,v1.2.3,,2025-01-27
GCA_022870485.1,ASM2287048v1,Halococcus dombrowskii,179637,2022-04-11,2022,97.95,100.0,12.4,v1.2.2,,2025-01-27
GCA_023115355.1,ASM2311535v1,Halocatena salina,2934340,2022-04-26,2022,99.54,100.0,2.01,v1.2.3,,2025-01-27
GCA_026013925.1,ASM2601392v1,Halocatena marina,2934937,2022-11-06,2022,99.5,100.0,5.81,v1.2.3,,2025-01-27
GCA_024707485.1,ASM2470748v1,Thermococcus thermotolerans,2969672,2022-08-18,2022,99.0,100.0,0.7,v1.2.3,,2025-01-27
GCA_021431925.1,ASM2143192v1,Halobaculum sp. CBA1158,2904243,2022-01-11,2022,98.82,100.0,0.62,v1.2.2,,2025-01-27
GCA_021513695.1,ASM2151369v1,Candidatus Heimdallarchaeum aukensis,2876573,2022-01-19,2022,,,,,,2025-01-27
GCA_021513715.1,ASM2151371v1,Candidatus Heimdallarchaeum endolithica,2876572,2022-01-19,2022,,,,,,2025-01-27
GCA_025839675.1,ASM2583967v1,Candidatus Lokiarchaeum ossiferum,2951803,2022-10-25,2022,91.74,100.0,7.94,v1.2.3,,2025-01-27
GCF_023617305.1,ASM2361730v1,Methanobrevibacter sp. TLL-48-HuF1,2870563,2022-06-01,2022,98.58,100.0,1.31,v1.2.3,,2025-01-27
GCA_026000775.1,ASM2600077v1,Vulcanisaeta souniana JCM 11219,1293586,2022-10-08,2022,90.89,100.0,4.89,v1.2.2,,2025-01-27
GCA_022693705.1,ASM2269370v1,Infirmifilum sp. NZ,2926850,2022-03-24,2022,97.62,100.0,1.19,v1.2.2,,2025-01-27
GCF_946463545.1,Mth-DSM-2095-CCS-WG,Methanothermococcus thermolithotrophicus DSM 2095,523845,2022-08-31,2022,99.14,100.0,1.23,v1.2.3,,2025-01-27
GCF_025449255.1,ASM2544925v1,Methanococcus aeolicus,42879,2022-09-28,2022,99.09,50.0,0.8,v1.2.3,,2025-01-27
GCA_026016205.1,ASM2601620v1,Methanosarcinales archaeon,2250255,2022-11-07,2022,,,,,,2025-01-27
GCF_024298865.1,ASM2429886v1,Halorarius halobius,2962671,2022-07-18,2022,99.07,100.0,1.76,v1.2.2,,2025-01-27
GCF_024362405.1,ASM2436240v1,Halorarius litoreus,2962676,2022-07-21,2022,98.96,100.0,3.73,v1.2.2,,2025-01-27
GCF_023169545.1,ASM2316954v1,Nanobdella aerobiophila,2586965,2022-02-22,2022,72.66,100.0,,v1.2.3,,2025-01-27
GCA_024228315.1,ASM2422831v1,Halomarina pelagica,2961599,2022-07-13,2022,99.52,100.0,2.25,v1.2.3,,2025-01-27
GCA_023028105.1,ASM2302810v1,Halosolutus gelatinilyticus,2931975,2022-04-18,2022,98.96,100.0,0.83,v1.2.2,,2025-01-27
GCF_024138125.1,ASM2413812v1,Halorussus salilacus,2953750,2022-07-05,2022,99.1,100.0,1.45,v1.2.3,,2025-01-27
GCA_024227715.1,ASM2422771v1,Halomarina litorea,2961595,2022-07-13,2022,98.79,100.0,1.24,v1.2.3,,2025-01-27
GCF_023028225.1,ASM2302822v1,Halorientalis litorea,2931977,2022-04-18,2022,99.93,100.0,0.83,v1.2.3,,2025-01-27
GCA_024298825.1,ASM2429882v1,Haloglomus salinum,2962673,2022-07-18,2022,97.72,100.0,2.3,v1.2.2,,2025-01-27
GCA_023238205.1,ASM2323820v1,Halorussus limi,2938695,2022-05-04,2022,99.52,100.0,1.66,v1.2.3,,2025-01-27
GCF_024227995.1,ASM2422799v1,Halomicrococcus gelatinilyticus,1702103,2022-07-13,2022,98.69,100.0,2.7,v1.2.3,,2025-01-27
GCF_023028345.1,ASM2302834v1,Halorientalis marina,2931976,2022-04-18,2022,99.52,100.0,1.45,v1.2.3,,2025-01-27
GCA_024662215.1,ASM2466221v1,Methanoplanus endosymbiosus,33865,2022-08-15,2022,86.45,100.0,6.76,v1.2.3,,2025-01-27
GCF_026692625.1,ASM2669262v1,Methanothermobacter sp. DP,2998972,2022-12-06,2022,94.42,100.0,1.18,v1.2.2,,2025-01-27
GCA_023016325.1,ASM2301632v1,Methanonatronarchaeum sp. AMET6-2,2933293,2022-04-17,2022,97.6,100.0,0.8,v1.2.3,,2025-01-27
GCF_024498175.1,ASM2449817v1,Haloplanus salinarum,1912324,2022-08-01,2022,98.96,100.0,1.74,v1.2.2,,2025-01-27
GCF_023703775.1,ASM2370377v1,Haloplanus sp. GDY1,2949993,2022-06-13,2022,98.96,100.0,0.08,v1.2.2,,2025-01-27
GCF_022869805.1,ASM2286980v1,Halosolutus halophilus,1552990,2022-04-11,2022,98.96,100.0,1.45,v1.2.2,,2025-01-27
GCA_024167805.1,ASM2416780v1,Methanobacterium sp. ERen5,2977359,2022-07-06,2022,,,,,,2025-01-27
GCF_023167465.1,ASM2316746v1,Methanothermobacter tenebrarum,680118,2022-04-07,2022,76.06,50.0,3.77,v1.2.2,,2025-01-27
GCA_026625165.1,ASM2662516v1,Methanoregula sp.,2052170,2022-12-04,2022,,,,,,2025-01-27
GCF_023703795.1,ASM2370379v1,Haloplanus sp. HW8-1,2949995,2022-06-13,2022,99.1,100.0,0.91,v1.2.2,,2025-01-27
GCA_024138165.1,ASM2413816v1,Halorussus vallis,2953749,2022-07-05,2022,98.27,100.0,1.66,v1.2.3,,2025-01-27
GCA_023008585.1,ASM2300858v1,Natribaculum breve,1419050,2022-04-16,2022,99.52,100.0,1.59,v1.2.0,,2025-01-27
GCA_024298885.1,ASM2429888v1,Haloglomus halophilum,2962672,2022-07-18,2022,98.96,100.0,2.18,v1.2.2,,2025-01-27
GCA_044358425.1,ASM4435842v1,Marine Group I thaumarchaeote,2511932,2022-07-25,2022,,,,,,2025-01-27
GCF_024300625.1,ASM2430062v1,Halovivax gelatinilyticus,2961597,2022-07-18,2022,99.07,100.0,0.41,v1.2.2,,2025-01-27
GCF_023093535.1,ASM2309353v1,Halovivax limisalsi,1453760,2022-04-23,2022,97.82,100.0,0.14,v1.2.2,,2025-01-27
GCF_024362485.1,ASM2436248v1,Natronobeatus ordinarius,2963433,2022-07-21,2022,99.31,100.0,0.83,v1.2.2,,2025-01-27
GCA_025340205.1,ASM2534020v1,Ignicoccus pacificus DSM 13166,940294,2022-09-21,2022,98.43,100.0,1.79,v1.2.3,,2025-01-27
GCF_023238445.1,ASM2323844v1,Halorussus gelatinilyticus,2937524,2022-05-04,2022,98.76,100.0,0.83,v1.2.3,,2025-01-27
GCF_023913515.1,ASM2391351v1,Natronococcus zhouii,2951804,2022-06-26,2022,99.31,100.0,2.9,v1.2.3,,2025-01-27
GCF_024300825.1,ASM2430082v1,Natronomonas gomsonensis,1046043,2022-07-18,2022,99.5,100.0,2.9,v1.2.3,,2025-01-27
GCA_025914035.1,ASM2591403v1,Methanoculleus submarinus,204050,2022-10-31,2022,99.35,100.0,0.87,v1.2.3,,2025-01-27
GCF_024218795.1,ASM2421879v1,Halorussus aquaticus,2953748,2022-07-12,2022,99.1,100.0,2.07,v1.2.3,,2025-01-27
GCF_024298905.1,ASM2429890v1,Natronomonas marina,2961939,2022-07-18,2022,99.36,100.0,2.49,v1.2.2,,2025-01-27
GCF_026684035.1,ASM2668403v1,Methanogenium organophilum,2199,2022-12-06,2022,96.8,100.0,4.81,v1.2.3,,2025-01-27
GCA_024266705.1,ASM2426670v1,Natrinema gelatinilyticum,2961571,2022-07-14,2022,93.97,100.0,27.88,v1.2.2,,2025-01-27
GCA_024227435.1,ASM2422743v1,Natrinema caseinilyticum,2961570,2022-07-13,2022,92.97,100.0,18.66,v1.2.2,,2025-01-27
GCA_026410925.1,ASM2641092v1,Halovenus salina,1510225,2022-11-27,2022,98.05,100.0,2.86,v1.2.3,,2025-01-27
GCF_024498195.1,ASM2449819v1,Halovivax cerinus,1487865,2022-08-01,2022,98.45,100.0,,v1.2.2,,2025-01-27
GCA_024296685.1,ASM2429668v1,Natrinema marinum,2961598,2022-07-17,2022,92.14,100.0,6.33,v1.2.2,,2025-01-27
GCF_023702125.1,ASM2370212v1,Halorubrum hochsteinianum,2949307,2022-06-11,2022,97.48,100.0,2.95,v1.2.2,,2025-01-27
GCA_023008545.1,ASM2300854v1,Natribaculum luteum,1586232,2022-04-16,2022,99.72,50.0,2.21,v1.2.2,,2025-01-27
GCA_023008565.1,ASM2300856v1,Natribaculum longum,1419051,2022-04-16,2022,99.52,100.0,2.01,v1.2.0,,2025-01-27
GCA_025035885.1,ASM2503588v1,Methanosarcina mazei TMA,1434116,2022-09-07,2022,98.22,91.42857,4.47,v1.2.3,,2025-01-27
GCF_029338375.1,ASM2933837v1,Halorussus lipolyticus,3034024,2023-03-22,2023,99.52,100.0,1.04,v1.2.2,,2025-01-27
GCA_030505615.1,ASM3050561v1,Salinibaculum sp. KK48,3058903,2023-07-19,2023,98.69,100.0,4.91,v1.2.3,,2025-01-27
GCA_029637525.1,ASM2963752v1,Desulfurococcaceae archaeon MEX13E-LK6-19,2822207,2023-04-10,2023,,,,,,2025-01-27
GCA_029338215.1,ASM2933821v1,Haladaptatus sp. YSMS36,3033384,2023-03-22,2023,99.52,100.0,1.25,v1.2.3,,2025-01-27
GCF_031200575.1,ASM3120057v1,Ferroplasma sp.,2591003,2023-09-06,2023,97.58,100.0,1.45,v1.2.3,,2025-01-27
GCF_029489995.1,ASM2948999v1,Haladaptatus sp. DYSN1,3032580,2023-03-30,2023,99.52,100.0,2.95,v1.2.3,,2025-01-27
GCF_027563145.1,ASM2756314v1,Actinarchaeum halophilum,2814576,2023-01-03,2023,99.48,100.0,1.78,v1.2.3,,2025-01-27
GCA_028747785.1,ASM2874778v1,Halosimplex aquaticum,3026162,2023-02-21,2023,98.57,100.0,3.32,v1.2.3,,2025-01-27
GCA_029338355.1,ASM2933835v1,Halosegnis marinus,3034023,2023-03-22,2023,97.2,66.666664,1.52,v1.2.2,,2025-01-27
GCA_031201125.1,ASM3120112v1,Acidiplasma sp.,1872114,2023-09-06,2023,96.67,100.0,4.06,v1.2.3,,2025-01-27
GCA_029338295.1,ASM2933829v1,Haladaptatus sp. QDMS2,3033391,2023-03-22,2023,99.1,100.0,0.84,v1.2.3,,2025-01-27
GCF_032878975.1,ASM3287897v1,Methanochimaera problematica,2609417,2023-10-20,2023,83.71,100.0,10.1,v1.2.3,,2025-01-27
GCA_963692915.1,odAxiDami1.Cenarchaeum_sp_1.1,Cenarchaeum sp.,2479206,2023-12-06,2023,,,,,,2025-01-27
GCF_031312595.1,ASM3131259v1,Methanolobus sediminis,3072978,2023-09-08,2023,90.14,100.0,7.31,v1.2.3,,2025-01-27
GCA_031312535.1,ASM3131253v1,Methanolobus mangrovi,3072977,2023-09-08,2023,88.59,100.0,4.93,v1.2.3,,2025-01-27
GCA_032594355.1,ASM3259435v1,Methanolapillus ohkumae,3028298,2023-10-12,2023,81.54,100.0,1.43,v1.2.2,,2025-01-27
GCA_963676235.1,piPlaSpea1.Methanomethylophilaceae_archaeon_1.1,Candidatus Methanomethylophilaceae archaeon,2517205,2023-11-18,2023,,,,,,2025-01-27
GCA_032594115.1,ASM3259411v1,Methanolapillus millepedarum,3028296,2023-10-12,2023,82.29,100.0,0.85,v1.2.2,,2025-01-27
GCF_032594095.1,ASM3259409v1,Methanimicrococcus hongohii,3028295,2023-10-12,2023,80.04,100.0,1.04,v1.2.2,,2025-01-27
GCF_031852275.1,ASM3185227v1,Halovalidus salilacus,3075124,2023-09-24,2023,99.1,100.0,0.83,v1.2.3,,2025-01-27
GCF_028471785.1,ASM2847178v1,Thermococcus kodakarensis,311400,2023-02-06,2023,98.62,66.666664,0.35,v1.2.2,,2025-01-27
GCA_029633965.1,ASM2963396v1,Methanogenium sp. S4BF,1789226,2023-04-10,2023,95.94,100.0,4.67,v1.2.2,,2025-01-27
GCA_024650005.2,ASM2465000v2,Candidatus Bathyarchaeum tardum,3042151,2023-04-27,2023,,,,,,2025-01-27
GCA_029633915.1,ASM2963391v1,Methanoeremita antiquus,487686,2023-04-10,2023,94.7,100.0,4.04,v1.2.2,,2025-01-27
GCA_033472595.1,ASM3347259v1,Methanoculleus receptaculi,394967,2023-11-09,2023,91.05,100.0,0.5,v1.2.3,,2025-01-27
GCA_045689355.1,ASM4568935v1,Methanoculleus palmolei,72612,2023-11-06,2023,62.15,100.0,3.8,v1.2.3,,2025-01-27
GCA_030522375.1,ASM3052237v1,Candidatus Methanosuratincola petrocarbonis,1867261,2023-07-24,2023,,,,,,2025-01-27
GCF_032594435.1,ASM3259443v1,Methanimicrococcus stummii,3028294,2023-10-12,2023,80.33,100.0,1.04,v1.2.2,,2025-01-27
GCA_029854155.1,ASM2985415v1,Methanonatronarchaeum sp. AMET-Sl,3037654,2023-04-23,2023,97.6,100.0,0.8,v1.2.2,,2025-01-27
GCA_032834875.1,ASM3283487v1,Sulfuracidifex metallicus DSM 6482 = JCM 9184,523847,2023-10-18,2023,95.12,75.0,0.57,v1.2.3,,2025-01-27
GCF_029814175.1,ASM2981417v1,Halospeciosus flavus,3032283,2023-04-18,2023,98.36,100.0,4.3,v1.2.3,,2025-01-27
GCA_001940665.2,ASM194066v2,Candidatus Odinarchaeum yellowstonii,1841599,2023-03-23,2023,,,,,,2025-01-27
GCA_030168575.1,ASM3016857v1,Methanomassiliicoccales archaeon LGM-RCC1,3018355,2023-06-05,2023,,,,,,2025-01-27
GCA_030323845.1,ASM3032384v1,Methanobacterium sp. CWC-01,2584467,2023-06-22,2023,89.41,100.0,4.98,v1.2.2,,2025-01-27
GCA_030168595.1,ASM3016859v1,Methanomassiliicoccales archaeon LGM-DZ1,3018978,2023-06-05,2023,,,,,,2025-01-27
GCA_030296735.1,ASM3029673v1,Methanobacterium petrolearium,710190,2023-03-24,2023,80.41,50.0,5.47,v1.2.2,,2025-01-27
GCA_030518575.1,ASM3051857v1,Candidatus Nitrosotenuis chungbukensis,1353246,2023-07-23,2023,62.84,50.0,3.81,v1.2.2,,2025-01-27
GCA_963663855.1,piHetPala1.Methanomassiliicoccaceae_archaeon_1.1,Methanomassiliicoccaceae archaeon,2052168,2023-11-17,2023,,,,,,2025-01-27
GCA_030296715.1,ASM3029671v1,Methanobacterium ferruginis,710191,2023-03-24,2023,81.4,100.0,7.86,v1.2.2,,2025-01-27
GCA_033471095.1,ASM3347109v1,Candidatus Nitrosoabyssus spongiisocia,3076529,2023-11-09,2023,,,,,,2025-01-27
GCA_029232205.1,ASM2923220v1,Candidatus Nanohalovita haloferacivicina,2978046,2023-03-17,2023,86.29,100.0,0.93,v1.2.2,,2025-01-27
GCA_029207735.1,ASM2920773v1,Candidatus Nanohalococcus occultus,2978047,2023-03-14,2023,86.06,100.0,,v1.2.2,,2025-01-27
GCA_029338395.1,ASM2933839v1,Halorussus caseinilyticus,3034025,2023-03-22,2023,96.2,100.0,0.83,v1.2.2,,2025-01-27
GCA_030919125.1,ASM3091912v1,Methanoregula sp. SKADARSKE-2,3029836,2023-08-28,2023,,,,,,2025-01-27
GCF_030127165.1,ASM3012716v1,Halobaculum lipolyticum,3032001,2023-05-29,2023,98.58,100.0,0.62,v1.2.2,,2025-01-27
GCA_032113415.1,ASM3211341v1,Halobellus sp. DFY28,3075123,2023-09-27,2023,98.72,100.0,4.77,v1.2.2,,2025-01-27
GCA_032116555.1,ASM3211655v1,Halobaculum sp. XH14,3075121,2023-09-27,2023,99.1,100.0,0.66,v1.2.2,,2025-01-27
GCA_029338555.1,ASM2933855v1,Halobaculum marinum,3031996,2023-03-22,2023,97.34,50.0,2.07,v1.2.2,,2025-01-27
GCF_029338335.1,ASM2933833v1,Halomontanus rarus,3034020,2023-03-22,2023,99.1,100.0,1.66,v1.2.2,,2025-01-27
GCA_030127125.1,ASM3012712v1,Halobaculum litoreum,3031998,2023-05-29,2023,90.46,100.0,0.83,v1.2.2,,2025-01-27
GCA_029490015.1,ASM2949001v1,Halobaculum limi,3031916,2023-03-30,2023,98.08,100.0,1.87,v1.2.2,,2025-01-27
GCA_030127145.1,ASM3012714v1,Halobaculum halobium,3032281,2023-05-29,2023,92.05,66.666664,3.53,v1.2.2,,2025-01-27
GCA_027555045.1,ASM2755504v1,Methanothermobacter thermautotrophicus,145262,2023-01-03,2023,97.2,88.888885,3.41,v1.2.2,,2025-01-27
GCF_036323395.1,ASM3632339v1,Pyrodictium abyssi,54256,2023-09-14,2023,93.9,100.0,9.71,v1.2.2,,2025-01-27
GCF_033097485.1,ASM3309748v1,Pyrofollis japonicus,3060460,2023-08-01,2023,92.15,100.0,10.57,v1.2.3,,2025-01-27
GCF_963662735.1,piCycPorc2.Methanoregula_sp_3.1,uncultured Methanoregula sp.,1005933,2023-11-17,2023,98.99,100.0,4.23,v1.2.2,,2025-01-27
GCA_030734285.1,ASM3073428v1,Natronococcus wangiae,3068275,2023-08-15,2023,99.1,100.0,3.46,v1.2.3,,2025-01-27
GCA_963668475.1,piCycPorc2.Methanospirillum_sp_2.1,uncultured Methanospirillum sp.,262503,2023-11-17,2023,99.86,100.0,1.3,v1.2.2,,2025-01-27
GCF_029338515.1,ASM2933851v1,Haloglomus litoreum,3034026,2023-03-22,2023,98.27,100.0,1.7,v1.2.2,,2025-01-27
GCA_963675495.1,piTriSpea1.Methanolobus_sp_1.1,uncultured Methanolobus sp.,218300,2023-11-18,2023,,,,,,2025-01-27
GCA_030734185.1,ASM3073418v1,Haloferacaceae archaeon XH8,3068310,2023-08-15,2023,,,,,,2025-01-27
GCA_030273315.1,ASM3027331v1,Natrialbaceae archaeon AArc-T1-2,3053904,2023-06-15,2023,99.56,100.0,1.59,v1.2.2,,2025-01-27
GCA_029891635.1,ASM2989163v1,Nitrososphaerota archaeon,2026795,2023-04-28,2023,,,,,,2025-01-27
GCF_029338575.1,ASM2933857v1,Halomarina halobia,3033386,2023-03-22,2023,99.07,33.333332,2.07,v1.2.3,,2025-01-27
GCF_028472005.1,ASM2847200v1,Saccharolobus islandicus,43080,2023-02-06,2023,90.48,4.1666665,0.03,v1.2.3,,2025-01-27
GCF_029229925.1,ASM2922992v1,Halorhabdus sp. BNX81,2980181,2023-03-17,2023,99.52,100.0,0.76,v1.2.2,,2025-01-27
GCA_029338275.1,ASM2933827v1,Haloarcula ordinaria,3033390,2023-03-22,2023,83.68,100.0,8.77,v1.2.2,,2025-01-27
GCF_901686465.1,DM2,Halorubrum sp. DM2,2527867,2023-04-03,2023,98.44,100.0,4.39,v1.2.2,,2025-01-27
GCA_963457515.1,odIanBast1.Candidatus_Nitrosopumilus_sp_1.1,uncultured Candidatus Nitrosopumilus sp.,517606,2023-09-17,2023,,,,,,2025-01-27
GCA_963676045.1,piUroStri2.Candidatus_Methanogranum_sp_1.1,uncultured Candidatus Methanogranum sp.,2093355,2023-11-18,2023,72.09,100.0,11.05,v1.2.2,,2025-01-27
GCF_029207715.1,ASM2920771v1,Halorhabdus sp. SVX81,2978283,2023-03-14,2023,99.1,100.0,0.76,v1.2.2,,2025-01-27
GCA_958295735.1,odAgeOroi1.Cenarchaeum_sp_2.1,uncultured Candidatus Cenarchaeum sp.,355926,2023-07-06,2023,,,,,,2025-01-27
GCA_029338315.1,ASM2933831v1,Haloarcula regularis,3033392,2023-03-22,2023,73.53,100.0,6.58,v1.2.3,,2025-01-27
GCA_029338235.1,ASM2933823v1,Haloarcula rara,3033387,2023-03-22,2023,81.89,100.0,6.58,v1.2.2,,2025-01-27
GCA_030127105.1,ASM3012710v1,Haloarcula pelagica,3033389,2023-05-29,2023,85.21,100.0,12.98,v1.2.2,,2025-01-27
GCF_027555065.1,ASM2755506v1,Methanothermobacter marburgensis,145263,2023-01-03,2023,96.96,33.333332,0.67,v1.2.2,,2025-01-27
GCA_029338195.1,ASM2933819v1,Haloarcula litorea,3032579,2023-03-22,2023,86.44,100.0,4.81,v1.2.2,,2025-01-27
GCA_963677995.1,piPlaFron1.Methanocorpusculum_sp_1.1,uncultured Methanocorpusculum sp.,176309,2023-11-18,2023,88.3,75.0,3.17,v1.2.2,,2025-01-27
GCA_029338255.1,ASM2933825v1,Haloarcula halobia,3033388,2023-03-22,2023,84.72,100.0,7.23,v1.2.2,,2025-01-27
GCF_963666025.1,piHetPala1.Methanobacterium_sp_2.1,uncultured Methanobacterium sp.,176306,2023-11-17,2023,98.83,100.0,2.98,v1.2.2,,2025-01-27
GCF_029278565.1,ASM2927856v1,Haloarcula halophila,3032584,2023-03-20,2023,89.11,100.0,10.78,v1.2.2,,2025-01-27
GCA_963701075.1,MFD05512.bin.c.15,uncultured Nitrososphaerota archaeon,651141,2024-12-29,2024,,,,,,2025-01-27
GCA_963706445.1,MFD09222.bin.1.114,uncultured Nitrososphaerales archaeon,1740634,2024-12-29,2024,,,,,,2025-01-27
GCA_035621495.1,ASM3562149v1,Thermococcus sp. SY098,3111325,2024-01-14,2024,98.99,100.0,0.94,v1.2.2,,2025-01-27
GCF_046245145.1,ASM4624514v1,Metallosphaera sp. D4-4,3379815,2024-12-23,2024,95.63,100.0,3.01,v1.2.3,,2025-01-27
GCA_963705355.1,MFD04408.bin.c.5,uncultured Thermoplasmata archaeon,376542,2024-12-29,2024,,,,,,2025-01-27
GCF_046197865.1,117978,Methanobrevibacter sp. DSM 116169,3242727,2024-12-19,2024,91.89,100.0,2.92,v1.2.3,,2025-01-27
GCA_963718555.1,MFD01476.bin.2.40,uncultured Methanoregulaceae archaeon,1392423,2024-12-29,2024,,,,,,2025-01-27
GCF_046197875.1,117775,Methanobrevibacter acididurans,120963,2024-12-19,2024,93.62,100.0,4.31,v1.2.3,,2025-01-27
GCA_963704695.1,MFD09286.bin.c.5,uncultured Methanobacteriaceae archaeon,176233,2024-12-29,2024,,,,,,2025-01-27
GCA_963720525.1,MFD05684.bin.c.2,uncultured haloarchaeon,160804,2024-12-29,2024,,,,,,2025-01-27
GCA_963717515.1,MFD02416.bin.c.18,uncultured Candidatus Woesearchaeota archaeon,2014372,2024-12-29,2024,,,,,,2025-01-27
GCA_963695345.1,MFD00905.bin.2.112,uncultured Methanomassiliicoccales archaeon,1235852,2024-12-29,2024,,,,,,2025-01-27
GCF_963678545.2,piPlaSpea1.Methanomethylovorans_sp_1.2,uncultured Methanomethylovorans sp.,183759,2024-10-10,2024,99.51,100.0,2.15,v1.2.3,,2025-01-27
GCA_041447175.1,ASM4144717v1,Candidatus Bathyarchaeia archaeon,3045160,2024-08-24,2024,,,,,,2025-01-27
GCA_963697895.1,MFD10007.bin.c.6,uncultured Methanomicrobiales archaeon,183760,2024-12-29,2024,,,,,,2025-01-27
GCA_963714085.1,MFD01476.bin.c.6,uncultured Candidatus Micrarchaeota archaeon,2220064,2024-12-29,2024,,,,,,2025-01-27
GCF_040435975.1,ASM4043597v1,Halobacterium sp. NMX12-1,3166650,2024-07-02,2024,92.26,100.0,9.34,v1.2.3,,2025-01-27
GCA_041228365.1,ASM4122836v1,Methanothermobacter sp. KEPCO 2,3240977,2024-08-13,2024,94.93,100.0,1.26,v1.2.3,,2025-01-27
GCF_037201915.1,ASM3720191v1,Haloplanus sp. CK5-1,2949994,2024-04-05,2024,99.1,100.0,0.04,v1.2.2,,2025-01-27
GCA_046244385.1,ASM4624438v1,Methanospirillum stamsii,1277351,2024-12-21,2024,99.86,100.0,0.43,v1.2.3,,2025-01-27
GCA_035666295.1,ASM3566629v1,Haloarcula sp. GH36,3111776,2024-01-16,2024,90.13,100.0,9.85,v1.2.2,,2025-01-27
GCA_046195335.1,ASM4619533v1,Methanospirillum lacunae,668570,2024-12-18,2024,99.86,100.0,1.41,v1.2.3,,2025-01-27
GCF_045690335.1,ASM4569033v1,Haloplanus sp. GX21,3127120,2024-12-06,2024,98.55,100.0,0.91,v1.2.3,,2025-01-27
GCA_034480035.2,ASM3448003v2,Methanosphaera sp. ISO3-F5,1452353,2024-03-08,2024,99.14,50.0,1.58,v1.2.3,,2025-01-27
GCF_040025155.1,ASM4002515v1,Halobaculum sp. QDC11,3075122,2024-06-04,2024,98.27,100.0,0.83,v1.2.2,,2025-01-27
GCA_041530035.1,ASM4153003v1,Halomicrobium sp. HM KBTZ05,3242663,2024-08-28,2024,94.23,100.0,3.19,v1.2.3,,2025-01-27
GCF_036429475.1,ASM3642947v1,Natronorarus salvus,3117733,2024-02-07,2024,73.02,100.0,18.19,v1.2.3,,2025-01-27
GCA_044593955.1,ASM4459395v1,Haloferax sp. S1W,3377110,2024-11-06,2024,95.72,100.0,5.82,v1.2.3,,2025-01-27
GCA_046097095.1,ASM4609709v1,Natrinema sp. 74,3384159,2024-12-15,2024,93.75,100.0,12.52,v1.2.3,,2025-01-27
GCA_046097085.1,ASM4609708v1,Haloferacaceae archaeon 50,3384156,2024-12-15,2024,,,,,,2025-01-27
GCA_963715525.1,MFD01721.bin.c.6,Haloferacaceae archaeon,2080321,2024-12-29,2024,,,,,,2025-01-27
GCF_038024865.1,Omer_M1,Oxyplasma meridianum,3073602,2024-10-19,2024,83.99,100.0,8.96,v1.2.3,,2025-01-27
GCA_037308085.1,ASM3730808v1,Promethearchaeati archaeon SRVP18_Atabeyarchaeia-1,3126527,2024-03-19,2024,,,,,,2025-01-27
GCA_037310415.1,ASM3731041v1,Promethearchaeati archaeon SRVP18_Atabeyarchaeia-2,3126526,2024-03-19,2024,,,,,,2025-01-27
GCF_008000775.2,ASM800077v2,Promethearchaeum syntrophicum,2594042,2024-07-26,2024,92.06,50.0,5.14,v1.2.3,,2025-01-27
GCA_042850255.1,ASM4285025v1,Nanoarchaeota archaeon,2026764,2024-07-12,2024,,,,,,2025-01-27
GCA_002813105.2,ASM281310v2,Methanosarcinales archaeon Met12,1914862,2024-01-12,2024,,,,,,2025-01-27
GCA_036584055.1,ASM3658405v1,Halalkalicoccus salilacus,3117459,2024-02-13,2024,77.58,100.0,19.17,v1.2.3,,2025-01-27
GCA_045291275.1,ASM4529127v1,Methanolobus sp. ZRKC3,3125786,2024-04-03,2024,85.54,100.0,5.67,v1.2.3,,2025-01-27
GCA_045291185.1,ASM4529118v1,Methanolobus sp. ZRKC2,3125783,2024-04-03,2024,86.43,100.0,10.02,v1.2.3,,2025-01-27
GCA_045690305.1,ASM4569030v1,Methanolobus sp. ZRKC1,3125781,2024-04-03,2024,95.85,100.0,2.96,v1.2.3,,2025-01-27
GCA_045690325.1,ASM4569032v1,Methanolobus sp. WCC5,3125785,2024-04-03,2024,92.12,100.0,6.59,v1.2.3,,2025-01-27
GCA_038022665.1,ASM3802266v1,Methanolobus sp. WCC4,3125784,2024-04-08,2024,88.94,100.0,5.29,v1.2.2,,2025-01-27
GCA_045690315.1,ASM4569031v1,Methanolobus sp. WCC1,3125782,2024-04-03,2024,95.82,100.0,2.96,v1.2.3,,2025-01-27
GCF_037914945.1,ASM3791494v1,Haloterrigena salinisoli,3132747,2024-04-06,2024,92.83,100.0,6.06,v1.2.3,,2025-01-27
GCA_037305845.1,ASM3730584v1,Candidatus Freyarchaeota archaeon SRVP19_Freyarchaeia-1,3126528,2024-03-19,2024,,,,,,2025-01-27
GCA_045291305.1,ASM4529130v1,Methanolobus sp. ZRKC4,3125787,2024-04-03,2024,85.78,100.0,4.69,v1.2.3,,2025-01-27
GCA_038446525.1,ASM3844652v1,Methanolobus sp. ZRKC5,3136295,2024-04-24,2024,87.75,100.0,4.63,v1.2.2,,2025-01-27
GCF_037338445.1,ASM3733844v1,Salinibaculum sp. SYNS191,3131993,2024-04-05,2024,99.1,100.0,2.77,v1.2.2,,2025-01-27
GCF_037335815.1,ASM3733581v1,Salinirubellus sp. SYNS196,3131999,2024-04-05,2024,98.69,100.0,4.36,v1.2.2,,2025-01-27
GCA_037198285.1,ASM3719828v1,Haladaptatus sp. DJG-WS-42,3120516,2024-03-16,2024,99.52,100.0,0.62,v1.2.2,,2025-01-27
GCA_041891055.1,ASM4189105v1,Halorutilales archaeon Cl-col2-1,3242703,2024-09-10,2024,,,,,,2025-01-27
GCF_036967215.1,ASM3696721v1,Sulfolobus tengchongensis,207809,2024-04-05,2024,98.02,50.0,2.3,v1.2.2,,2025-01-27
GCF_041154675.1,ASM4115467v1,Sulfurisphaera javensis,2049879,2024-08-10,2024,99.05,100.0,0.77,v1.2.3,,2025-01-27
GCF_046764215.1,ASM4676421v1,Haloferax sp. YSSS75,3388564,2025-01-20,2025,93.64,100.0,5.01,v1.2.3,,2025-01-27
GCF_046764245.1,ASM4676424v1,Haloferax sp. YSMS24,3388425,2025-01-20,2025,93.04,100.0,4.92,v1.2.3,,2025-01-27
GCF_046529725.1,TD41E1-1,Methanosarcina hadiensis,3078083,2025-01-08,2025,97.1,100.0,9.14,v1.2.3,,2025-01-27
