assembly_accession,assembly_name,organism_name,organism_taxonomic_id,assembly_release_date,assembly_release_year,checkm_completeness,checkm_completeness_percentile,checkm_contamination,checkm_version,checkm_marker_count,collection_date
GCA_000412225.2,ASM41222v2,[Ashbya] aceris (nom. inval.),566037,2014-06-05,2014,,,,,,2025-01-26
GCA_963924405.1,CAAN4,[Candida] anglica,148631,2024-03-09,2024,,,,,,2025-01-26
GCA_037935595.1,ASM3793559v1,[Candida] boidinii,5477,2024-03-31,2024,,,,,,2025-01-26
GCA_900535975.1,OLHI0,[Candida] hispaniensis,312227,2018-08-29,2018,,,,,,2025-01-26
GCA_031851675.1,ASM3185167v1,[Candida] zeylanoides,5493,2023-09-24,2023,,,,,,2025-01-26
GCA_033807595.1,ASM3380759v1,Acrodontium crateriforme,150365,2023-11-20,2023,,,,,,2025-01-26
GCA_006228365.1,ASM622836v1,Agaricus bisporus,5341,2019-06-11,2019,,,,,,2025-01-26
GCA_001682475.1,ASM168247v1,Agaricus bisporus var. bisporus,192523,2016-07-08,2016,,,,,,2025-01-26
GCA_000300575.2,ASM30057v2,Agaricus bisporus var. bisporus H97,936046,2016-07-15,2016,,,,,,2025-01-26
GCA_014872705.1,ASM1487270v1,Agaricus bisporus var. burnettii,192524,2020-10-21,2020,,,,,,2025-01-26
GCA_029945375.1,Asub-V01,Agaricus subrufescens,87252,2023-05-08,2023,,,,,,2025-01-26
GCA_964017145.1,gfAgrPrae1.1,Agrocybe praecox,71668,2024-03-23,2024,,,,,,2025-01-26
GCF_028009165.1,ASM2800916v1,Akanthomyces muscarius,2231603,2023-01-26,2023,,,,,,2025-01-26
GCA_024752435.1,ASM2475243v1,Allantophomopsis cytisporea,1484957,2022-08-28,2022,,,,,,2025-01-26
GCA_024752465.1,ASM2475246v1,Allantophomopsis lycopodina,334518,2022-08-28,2022,,,,,,2025-01-26
GCA_014751505.1,ASM1475150v1,Alternaria alternata,5599,2020-09-25,2020,,,,,,2025-01-26
GCA_025426055.1,ASM2542605v1,Alternaria arborescens,156630,2022-09-27,2022,,,,,,2025-01-26
GCA_036768465.1,ASM3676846v1,Alternaria brassicae,29911,2024-02-22,2024,,,,,,2025-01-26
GCF_042100115.1,ASM4210011v1,Alternaria dauci,48095,2024-09-24,2024,,,,,,2025-01-26
GCA_019059555.1,ASM1905955v1,Alternaria longipes,160389,2021-06-29,2021,,,,,,2025-01-26
GCA_002952155.1,ASM295215v1,Alternaria solani,48100,2018-02-14,2018,,,,,,2025-01-26
GCA_040104375.1,ASM4010437v1,Annulohypoxylon sp. FPYF3050,2857486,2024-06-08,2024,,,,,,2025-01-26
GCA_040126005.1,TJAS01,Annulohypoxylon stygium,326628,2024-06-11,2024,,,,,,2025-01-26
GCA_014826065.1,ASM1482606v1,Anthracocystis panici-leucophaei,249478,2020-09-30,2020,,,,,,2025-01-26
GCA_007674295.1,ASM767429v1,Antonospora locustae,278021,2019-08-01,2019,,,,,,2025-01-26
GCA_013177335.1,ASM1317733v1,Apiotrichum mycotoxinovorans,252803,2020-05-27,2020,,,,,,2025-01-26
GCA_949709995.1,gpAraPeru1.1,Arachnomyces peruvianus,2219007,2023-03-28,2023,,,,,,2025-01-26
GCA_902506015.1,ARMOSTPCHR,Armillaria ostoyae,47428,2019-10-22,2019,,,,,,2025-01-26
GCA_039634435.1,ASM3963443v1,Ascochyta pisi,749586,2024-05-14,2024,,,,,,2025-01-26
GCF_004011695.2,ASM401169v2,Ascochyta rabiei,5454,2022-08-25,2022,,,,,,2025-01-26
GCF_016861735.1,AchevalieriM1_assembly01,Aspergillus chevalieri,182096,2021-01-30,2021,,,,,,2025-01-26
GCA_044706195.1,ASM4470619v1,Aspergillus cristatus,573508,2024-11-13,2024,,,,,,2025-01-26
GCA_016413765.1,ASM1641376v1,Aspergillus felis,1287682,2020-12-28,2020,,,,,,2025-01-26
GCA_009017415.1,ASM901741v1,Aspergillus flavus,5059,2019-10-13,2019,,,,,,2025-01-26
GCF_014117465.1,ASM1411746v1,Aspergillus flavus NRRL3357,332952,2020-08-09,2020,,,,,,2025-01-26
GCA_024220425.1,ASM2422042v1,Aspergillus fumigatus,746128,2022-07-20,2022,,,,,,2025-01-26
GCF_000002655.1,ASM265v1,Aspergillus fumigatus Af293,330879,2005-06-10,2005,,,,,,2025-01-26
GCF_016861625.1,AkawachiiIFO4308_assembly01,Aspergillus luchuensis,1069201,2021-01-30,2021,,,,,,2025-01-26
GCA_028505775.1,ASM2850577v1,Aspergillus minisclerotigenes,656917,2023-02-21,2023,,,,,,2025-01-26
GCF_000011425.1,ASM1142v1,Aspergillus nidulans FGSC A4,227321,2009-09-24,2009,,,,,,2025-01-26
GCA_019288275.1,ASM1928827v1,Aspergillus niger,5061,2021-07-20,2021,,,,,,2025-01-26
GCA_008032055.1,ASM803205v1,Aspergillus oryzae,5062,2019-08-20,2019,,,,,,2025-01-26
GCF_000184455.2,ASM18445v3,Aspergillus oryzae RIB40,510516,2011-06-24,2011,,,,,,2025-01-26
GCF_016861865.1,ApuulaauensisMK2_assembly01,Aspergillus puulaauensis,1220207,2021-01-30,2021,,,,,,2025-01-26
GCA_008274985.1,ASM827498v1,Aspergillus sojae,41058,2019-09-05,2019,,,,,,2025-01-26
GCA_030015405.1,BCSIR_ Awel_1.0,Aspergillus welwitschiae,1341132,2023-05-16,2023,,,,,,2025-01-26
GCA_046000195.1,Awentii_warwick,Aspergillus wentii,5066,2024-11-07,2024,,,,,,2025-01-26
GCA_017949455.1,ASM1794945v1,Aureobasidium melanogenum,46634,2021-04-14,2021,,,,,,2025-01-26
GCA_043161985.1,ASM4316198v1,Aureobasidium pullulans,5580,2024-10-16,2024,,,,,,2025-01-26
GCA_965113095.1,gfAurGent2.1,Aureoboletus gentilis,388837,2025-01-18,2025,,,,,,2025-01-26
GCA_037042885.1,ASM3704288v1,Auricularia sp. M12,3103959,2024-03-07,2024,,,,,,2025-01-26
GCA_037042915.1,ASM3704291v1,Auricularia sp. M13,3103960,2024-03-07,2024,,,,,,2025-01-26
GCF_035610405.1,ASM3561040v1,Australozyma saopauloensis,291208,2024-01-12,2024,,,,,,2025-01-26
GCA_014607475.1,ASM1460747v1,Beauveria bassiana,176275,2020-09-16,2020,,,,,,2025-01-26
GCA_008452705.1,ASM845270v1,Bipolaris sorokiniana,45130,2019-09-23,2019,,,,,,2025-01-26
GCA_026367875.1,ASM2636787v1,Bipolaris zeicola,5017,2022-11-24,2022,,,,,,2025-01-26
GCA_045529695.1,ASM4552969v1,Blastobotrys allociferrii,191333,2024-12-06,2024,,,,,,2025-01-26
GCA_946409495.1,Wolfe_Bari_UCD613,Blastobotrys aristatus,44072,2022-08-27,2022,,,,,,2025-01-26
GCA_036871495.1,ASM3687149v1,Blastobotrys mucifer,191334,2024-02-26,2024,,,,,,2025-01-26
GCA_905067625.1,Bgtriticale_THUN12_genome_v1_2,Blumeria graminis f. sp. triticale,1689686,2021-06-18,2021,,,,,,2025-01-26
GCA_900519115.1,Bgt_genome_v3.16,Blumeria graminis f. sp. tritici,62690,2019-08-27,2019,,,,,,2025-01-26
GCA_022560135.1,ASM2256013v1,Botrytis cinerea,40559,2022-03-14,2022,,,,,,2025-01-26
GCF_000143535.2,ASM14353v4,Botrytis cinerea B05.10,332648,2015-02-05,2015,,,,,,2025-01-26
GCA_032594075.1,ASM3259407v1,Botrytis fabae,182092,2023-10-12,2023,,,,,,2025-01-26
GCF_011074885.1,ASM1107488v2,Brettanomyces bruxellensis,5007,2020-10-30,2020,,,,,,2025-01-26
GCF_011074865.1,ASM1107486v2,Brettanomyces nanus,13502,2020-12-03,2020,,,,,,2025-01-26
GCA_964035675.1,gfBolQuer1.1,Buglossoporus quercinus,1522478,2024-05-02,2024,,,,,,2025-01-26
GCA_964213195.1,gfButSuba1.1,Butyriboletus subappendiculatus,857007,2024-08-22,2024,,,,,,2025-01-26
GCA_046630685.1,ASM4663068v1,Calonectria ilicicola,182845,2025-01-14,2025,,,,,,2025-01-26
GCA_002835845.1,ASM283584v1,Candida albicans,5476,2017-12-12,2017,,,,,,2025-01-26
GCA_017309835.1,UM_Calb_Chn1,Candida albicans CHN1,1182532,2021-03-10,2021,,,,,,2025-01-26
GCF_000182965.3,ASM18296v3,Candida albicans SC5314,237561,2016-10-12,2016,,,,,,2025-01-26
GCA_000149445.2,ASM14944v2,Candida albicans WO-1,294748,2009-06-03,2009,,,,,,2025-01-26
GCF_000026945.1,ASM2694v1,Candida dubliniensis CD36,573826,2009-02-16,2009,,,,,,2025-01-26
GCA_026650225.1,ASM2665022v1,Candida orthopsilosis,273371,2022-12-05,2022,,,,,,2025-01-26
GCF_000315875.1,ASM31587v1,Candida orthopsilosis Co 90-125,1136231,2012-03-14,2012,,,,,,2025-01-26
GCA_036288975.1,ASM3628897v1,Candida parapsilosis,5480,2024-01-30,2024,,,,,,2025-01-26
GCA_013177555.1,ASM1317755v1,Candida tropicalis,5482,2020-05-27,2020,,,,,,2025-01-26
GCF_003013715.1,ASM301371v2,Candidozyma auris,498019,2019-09-10,2019,,,,,,2025-01-26
GCA_019332025.1,ASM1933202v1,Candidozyma haemuli,45357,2021-07-23,2021,,,,,,2025-01-26
GCA_044344055.1,ASM4434405v1,Candidozyma vulturna,2093215,2024-11-04,2024,,,,,,2025-01-26
GCA_016906575.1,ASM1690657v1,Ceratobasidium sp. AG-Ba,170446,2021-02-18,2021,,,,,,2025-01-26
GCF_033473495.1,ASM3347349v1,Cercospora beticola,122368,2023-11-09,2023,,,,,,2025-01-26
GCA_026725115.1,Cjan_RL44_1.0,Cercospora janseana,706553,2022-12-09,2022,,,,,,2025-01-26
GCA_024499215.1,ASM2449921v1,Cercospora sojina,438356,2022-08-01,2022,,,,,,2025-01-26
GCA_022965775.1,ASM2296577v1,Cercospora sp. J1 LZ-2022,2929575,2022-04-13,2022,,,,,,2025-01-26
GCA_963576785.1,gfChlBrun1.1,Chlorophyllum brunneum,190013,2023-11-04,2023,,,,,,2025-01-26
GCA_015678955.1,ASM1567895v1,Chrysoporthe puriensis,2029752,2020-11-24,2020,,,,,,2025-01-26
GCA_036429605.1,ASM3642960v1,Cladobotryum mycophilum,491253,2024-02-07,2024,,,,,,2025-01-26
GCA_964605785.1,glClaDive1.1,Cladonia diversa,50926,2025-01-02,2025,,,,,,2025-01-26
GCA_963971245.1,glClaNorv1.1,Cladonia norvegica,2873768,2024-03-02,2024,,,,,,2025-01-26
GCA_947623385.2,glClaSqua9.2,Cladonia squamosa,174074,2023-05-13,2023,,,,,,2025-01-26
GCA_951802425.1,gfClaFumo1.1,Clavaria fumosa,264083,2023-05-28,2023,,,,,,2025-01-26
GCA_029405325.1,ASM2940532v1,Claviceps purpurea,5111,2023-03-31,2023,,,,,,2025-01-26
GCA_009498055.1,ASM949805v1,Clavispora lusitaniae,36911,2019-11-04,2019,,,,,,2025-01-26
GCA_015708445.2,ASM1570844v2,Clitopilus hobsonii,648681,2021-01-25,2021,,,,,,2025-01-26
GCA_026958235.1,ASM2695823v1,Clonostachys rosea,29856,2022-12-16,2022,,,,,,2025-01-26
GCF_018416015.2,ASM1841601v2,Coccidioides posadasii str. Silveira,443226,2022-02-01,2022,,,,,,2025-01-26
GCF_034447905.1,ASM3444790v1,Colletotrichum destructivum,34406,2023-12-18,2023,,,,,,2025-01-26
GCA_039271565.1,ASM3927156v1,Colletotrichum fructicola,690256,2024-04-09,2024,,,,,,2025-01-26
GCA_024584535.1,ASM2458453v1,Colletotrichum gigasporum,1543685,2022-08-08,2022,,,,,,2025-01-26
GCA_029226625.1,ASM2922662v1,Colletotrichum graminicola,31870,2023-03-16,2023,,,,,,2025-01-26
GCF_001672515.1,ASM167251v1,Colletotrichum higginsianum IMI 349063,759273,2016-06-21,2016,,,,,,2025-01-26
GCA_043790985.1,EIMB_Clini_394-2_1.0,Colletotrichum lini,500171,2024-10-28,2024,,,,,,2025-01-26
GCF_023278565.1,ASM2327856v1,Colletotrichum lupini,145971,2022-05-09,2022,,,,,,2025-01-26
GCA_038023885.1,ASM3802388v1,Colletotrichum siamense,690259,2024-04-08,2024,,,,,,2025-01-26
GCA_964235245.1,gfLepSord1.hap1.1,Collybia sordida,123925,2024-08-31,2024,,,,,,2025-01-26
GCA_951394405.1,gfCopMica1.1,Coprinellus micaceus,71717,2023-06-15,2023,,,,,,2025-01-26
GCA_963580265.1,grCorFumo1.1,Cordyceps fumosorosea,114497,2023-11-04,2023,,,,,,2025-01-26
GCA_008080495.1,ASM808049v1,Cordyceps militaris,73501,2017-11-30,2017,,,,,,2025-01-26
GCA_018104285.1,INRAE_Cpar_1.0,Cryphonectria parasitica,5116,2021-04-23,2021,,,,,,2025-01-26
GCF_000836335.1,ASM83633v2,Cryptococcus bacillisporus CA1280,1296109,2024-07-31,2024,,,,,,2025-01-26
GCF_036417295.1,ASM3641729v1,Cryptococcus decagattii,1859122,2024-02-06,2024,,,,,,2025-01-26
GCA_001720245.2,ASM172024v2,Cryptococcus depauperatus,5208,2024-02-22,2024,,,,,,2025-01-26
GCF_001720195.1,ASM172019v2,Cryptococcus depauperatus CBS 7841,1295531,2024-07-02,2024,,,,,,2025-01-26
GCF_002954075.1,C. deuterogattii_R265_chr,Cryptococcus deuterogattii R265,294750,2018-02-27,2018,,,,,,2025-01-26
GCA_006352305.1,ASM635230v1,Cryptococcus floricola,2591691,2019-07-03,2019,,,,,,2025-01-26
GCA_036428525.1,ASM3642852v1,Cryptococcus gattii,37769,2024-02-07,2024,,,,,,2025-01-26
GCA_009650685.1,Cryp_gatt_MF34,Cryptococcus gattii VGV,2268382,2019-11-14,2019,,,,,,2025-01-26
GCF_000185945.1,ASM18594v1,Cryptococcus gattii WM276,367775,2011-01-12,2011,,,,,,2025-01-26
GCA_020975435.1,ASM2097543v1,Cryptococcus neoformans,5207,2021-11-30,2021,,,,,,2025-01-26
GCA_002216725.1,ASM221672v1,Cryptococcus neoformans var. grubii,178876,2017-07-12,2017,,,,,,2025-01-26
GCF_000149245.1,CNA3,Cryptococcus neoformans var. grubii H99,235443,2014-02-07,2014,,,,,,2025-01-26
GCA_023523875.1,ASM2352387v1,Cryptococcus neoformans var. neoformans,40410,2022-05-23,2022,,,,,,2025-01-26
GCF_000149385.1,ASM14938v1,Cryptococcus neoformans var. neoformans B-3501A,283643,2004-07-16,2004,,,,,,2025-01-26
GCF_000091045.1,ASM9104v1,Cryptococcus neoformans var. neoformans JEC21,214684,2005-01-07,2005,,,,,,2025-01-26
GCA_002216205.1,ASM221620v1,Cryptococcus neoformans var. neoformans XL280,1396488,2017-07-10,2017,,,,,,2025-01-26
GCA_036426225.1,ASM3642622v1,Cryptococcus sp. DSM 104548,2770023,2024-02-07,2024,,,,,,2025-01-26
GCA_036427605.1,ASM3642760v1,Cryptococcus sp. DSM 104549,2770025,2024-02-07,2024,,,,,,2025-01-26
GCF_000835755.1,ASM83575v2,Cryptococcus tetragattii IND107,1296105,2024-06-25,2024,,,,,,2025-01-26
GCA_006149155.1,ASM614915v1,Cryptococcus wingfieldii,5619,2019-06-07,2019,,,,,,2025-01-26
GCA_023920165.1,ASM2392016v1,Curvularia clavata,95742,2022-06-27,2022,,,,,,2025-01-26
GCF_030864355.1,ASM3086435v1,Cutaneotrichosporon cavernicola,279322,2023-06-24,2023,,,,,,2025-01-26
GCA_030864385.1,ASM3086438v1,Cutaneotrichosporon sp. HIS471,3040995,2023-06-24,2023,,,,,,2025-01-26
GCA_022641835.1,ASM2264183v1,Cyberlindnera fabianii,36022,2022-03-21,2022,,,,,,2025-01-26
GCA_024346625.1,Cjadinii_01,Cyberlindnera jadinii,4903,2022-07-05,2022,,,,,,2025-01-26
GCA_000328385.1,Cuti_1.0,Cyberlindnera jadinii NBRC 0988,1128122,2012-06-07,2012,,,,,,2025-01-26
GCA_020995425.1,ASM2099542v1,Cyberlindnera sargentensis,907339,2021-11-29,2021,,,,,,2025-01-26
GCA_031310005.1,ASM3131000v1,Dactylellina haptotyla,430498,2023-09-08,2023,,,,,,2025-01-26
GCA_033807695.1,ASM3380769v1,Daedaleopsis sinensis,596167,2023-11-21,2023,,,,,,2025-01-26
GCA_016097515.1,CAU_DHC11_v01_pri,Debaryomyces hansenii,4959,2020-12-17,2020,,,,,,2025-01-26
GCF_000006445.2,ASM644v2,Debaryomyces hansenii CBS767,284592,2008-09-16,2008,,,,,,2025-01-26
GCA_032598715.1,ASM3259871v1,Debaryomycetaceae sp. JAC-2022a,2932746,2023-10-12,2023,,,,,,2025-01-26
GCA_029959195.1,ASM2995919v1,Dictyophora rubrovolvata,1464785,2023-05-09,2023,,,,,,2025-01-26
GCA_016630955.3,ASM1663095v3,Didymella arachidicola,749598,2023-10-20,2023,,,,,,2025-01-26
GCA_039634465.1,ASM3963446v1,Didymella pinodella,749633,2024-05-14,2024,,,,,,2025-01-26
GCF_001625195.1,ASM162519v1,Drechmeria coniospora,98403,2016-04-24,2016,,,,,,2025-01-26
GCA_029449355.1,ASM2944935v1,Emydomyces testavorans,2070801,2023-03-28,2023,,,,,,2025-01-26
GCA_027571585.1,ASM2757158v1,Encephalitozoon cuniculi,6035,2023-01-05,2023,,,,,,2025-01-26
GCF_000091225.2,ASM9122v2,Encephalitozoon cuniculi GB-M1,284813,2017-03-09,2017,,,,,,2025-01-26
GCA_024399255.1,ASM2439925v1,Encephalitozoon hellem,27973,2022-07-25,2022,,,,,,2025-01-26
GCF_000277815.2,ASM27781v3,Encephalitozoon hellem ATCC 50504,907965,2012-07-16,2012,,,,,,2025-01-26
GCA_024399295.1,ASM2439929v1,Encephalitozoon intestinalis,58839,2022-07-25,2022,,,,,,2025-01-26
GCF_000146465.1,ASM14646v1,Encephalitozoon intestinalis ATCC 50506,876142,2010-08-16,2010,,,,,,2025-01-26
GCF_000280035.1,ASM28003v2,Encephalitozoon romaleae SJ-2008,1178016,2012-07-19,2012,,,,,,2025-01-26
GCA_963565915.2,gfEntClyp1.2,Entoloma clypeatum,418785,2024-07-28,2024,,,,,,2025-01-26
GCA_963573315.1,gzEntParv1.1,Entomortierella parvispora,205924,2023-10-29,2023,,,,,,2025-01-26
GCA_024072835.1,ASM2407283v1,Epichloe amarillans,42805,2022-06-30,2022,,,,,,2025-01-26
GCA_023650635.1,ASM2365063v1,Epichloe baconii,47801,2022-06-06,2022,,,,,,2025-01-26
GCA_023650705.1,ASM2365070v1,Epichloe brachyelytri,79589,2022-06-06,2022,,,,,,2025-01-26
GCA_023658445.1,ASM2365844v1,Epichloe bromicola,79588,2022-06-07,2022,,,,,,2025-01-26
GCA_023658475.1,ASM2365847v1,Epichloe elymi,55200,2022-06-07,2022,,,,,,2025-01-26
GCA_024198275.1,ASM2419827v1,Epichloe festucae,35717,2022-07-10,2022,,,,,,2025-01-26
GCA_003814445.1,ASM381444v1,Epichloe festucae Fl1,877507,2018-11-23,2018,,,,,,2025-01-26
GCA_023658505.1,ASM2365850v1,Epichloe gansuensis,447254,2022-06-07,2022,,,,,,2025-01-26
GCA_023658535.1,ASM2365853v1,Epichloe glyceriae,79591,2022-06-07,2022,,,,,,2025-01-26
GCA_021950295.1,ASM2195029v1,Epichloe scottii,2834323,2022-02-04,2022,,,,,,2025-01-26
GCA_023658615.1,ASM2365861v1,Epichloe typhina,5113,2022-06-07,2022,,,,,,2025-01-26
GCA_021378265.1,ASM2137826v1,Epichloe typhina subsp. clarkii,1616224,2022-01-06,2022,,,,,,2025-01-26
GCA_030389615.1,ASM3038961v1,Epichloe typhina subsp. poae,1181997,2023-07-03,2023,,,,,,2025-01-26
GCA_021378235.1,ASM2137823v1,Epichloe typhina subsp. typhina,2570311,2022-01-06,2022,,,,,,2025-01-26
GCA_040893085.1,ASM4089308v1,Epicoccum sorghinum,749593,2024-07-26,2024,,,,,,2025-01-26
GCF_000235365.1,ASM23536v1,Eremothecium cymbalariae DBVPG#7215,931890,2011-11-14,2011,,,,,,2025-01-26
GCF_000091025.4,ASM9102v4,Eremothecium gossypii ATCC 10895,284811,2010-10-18,2010,,,,,,2025-01-26
GCA_000968835.1,ASM96883v1,Eremothecium gossypii FDAG1,1034331,2012-01-27,2012,,,,,,2025-01-26
GCF_001548555.1,ASM154855v1,Eremothecium sinecaudum,45286,2016-02-04,2016,,,,,,2025-01-26
GCA_024703715.1,EnE101_chr_assembly_v3,Erysiphe necator,52586,2022-08-25,2022,,,,,,2025-01-26
GCA_023273805.1,ASM2327380v1,Exobasidium cylindrosporum,271129,2022-05-08,2022,,,,,,2025-01-26
GCA_026210745.1,ASM2621074v1,Exobasidium rhododendri,63378,2022-11-16,2022,,,,,,2025-01-26
GCA_003955835.1,ASM395583v1,Exophiala lecanii-corni,91925,2018-12-19,2018,,,,,,2025-01-26
GCA_026367775.1,ASM2636777v1,Exserohilum rostratum,1659837,2022-11-24,2022,,,,,,2025-01-26
GCA_013390285.1,ASM1339028v1,Exserohilum turcica Et28A,671987,2020-07-06,2020,,,,,,2025-01-26
GCA_041684055.1,ASM4168405v1,Flammulina filiformis,2060913,2024-09-03,2024,,,,,,2025-01-26
GCA_011800155.1,ASM1180015v1,Flammulina velutipes,38945,2020-04-01,2020,,,,,,2025-01-26
GCA_000633125.1,Fv1.0,Flammulina velutipes KACC42780,1300067,2014-04-21,2014,,,,,,2025-01-26
GCF_020509005.1,Cfulv_R5_v5,Fulvia fulva,5499,2022-01-24,2022,,,,,,2025-01-26
GCA_038181435.1,ASM3818143v1,Fusarium acuminatum,5515,2024-04-15,2024,,,,,,2025-01-26
GCA_025258505.1,ASM2525850v1,Fusarium asiaticum,282267,2022-09-19,2022,,,,,,2025-01-26
GCA_025948275.1,ASM2594827v1,Fusarium avenaceum,40199,2022-11-01,2022,,,,,,2025-01-26
GCA_024047395.1,ASM2404739v1,Fusarium circinatum,48490,2022-07-05,2022,,,,,,2025-01-26
GCA_016952355.1,ASM1695235v1,Fusarium culmorum,5516,2020-11-16,2020,,,,,,2025-01-26
GCF_026873545.1,ASM2687354v1,Fusarium falciforme,195108,2022-12-13,2022,,,,,,2025-01-26
GCA_009663055.1,ASM966305v1,Fusarium fujikuroi,5127,2019-11-14,2019,,,,,,2025-01-26
GCF_900079805.1,Fusarium_fujikuroi_IMI58289_V2,Fusarium fujikuroi IMI 58289,1279085,2013-08-20,2013,,,,,,2025-01-26
GCA_000599445.1,CS3005v1,Fusarium graminearum,5518,2014-03-25,2014,,,,,,2025-01-26
GCF_000240135.3,ASM24013v3,Fusarium graminearum PH-1,229533,2008-11-21,2008,,,,,,2025-01-26
GCF_025433545.1,ASM2543354v1,Fusarium keratoplasticum,1328300,2022-10-03,2022,,,,,,2025-01-26
GCA_034753255.1,ASM3475325v1,Fusarium kyushuense,56665,2023-12-28,2023,,,,,,2025-01-26
GCA_032355295.1,ASM3235529v1,Fusarium meridionale,282269,2023-10-04,2023,,,,,,2025-01-26
GCF_019915245.1,ASM1991524v1,Fusarium musae,1042133,2021-09-09,2021,,,,,,2025-01-26
GCA_040822265.1,ASM4082226v1,Fusarium odoratissimum,2502994,2024-07-23,2024,,,,,,2025-01-26
GCA_013347355.2,ASM1334735v2,Fusarium oxysporum,5507,2023-04-06,2023,,,,,,2025-01-26
GCA_032206225.1,FOAM13_A1,Fusarium oxysporum f. sp. albedinis,72712,2024-08-12,2024,,,,,,2025-01-26
GCA_003615085.1,FoC_Fus2_v1,Fusarium oxysporum f. sp. cepae,396571,2018-10-05,2018,,,,,,2025-01-26
GCA_014154955.1,SMRT_HiC_Fo5176,Fusarium oxysporum f. sp. conglutinans,100902,2020-08-13,2020,,,,,,2025-01-26
GCA_011316005.3,NRCB_FocR1_VCG0124,Fusarium oxysporum f. sp. cubense,61366,2021-01-25,2021,,,,,,2025-01-26
GCA_016802225.1,NRCB_FocR1_VCG01220,Fusarium oxysporum f. sp. cubense race 1,1229664,2021-02-04,2021,,,,,,2025-01-26
GCA_016164145.2,USDA_MAFF727510_v2,Fusarium oxysporum f. sp. fragariae,100903,2022-03-30,2022,,,,,,2025-01-26
GCA_014857105.1,ASM1485710v1,Fusarium oxysporum f. sp. koae,654392,2020-10-06,2020,,,,,,2025-01-26
GCA_013423225.1,ASM1342322v1,Fusarium oxysporum f. sp. lini,120040,2020-07-21,2020,,,,,,2025-01-26
GCA_003977725.1,FolCA3_D11_v1,Fusarium oxysporum f. sp. lycopersici,59765,2019-01-07,2019,,,,,,2025-01-26
GCF_000149955.1,ASM14995v2,Fusarium oxysporum f. sp. lycopersici 4287,426428,2015-08-20,2015,,,,,,2025-01-26
GCA_001702695.2,ASM170269v2,Fusarium oxysporum f. sp. radicis-cucumerinum,327505,2017-09-25,2017,,,,,,2025-01-26
GCA_013347345.2,ASM1334734v2,Fusarium oxysporum f. sp. spinaciae,120042,2023-04-06,2023,,,,,,2025-01-26
GCA_030719095.1,ASM3071909v1,Fusarium oxysporum f. sp. vasinfectum,61374,2023-08-14,2023,,,,,,2025-01-26
GCF_013085055.1,ASM1308505v1,Fusarium oxysporum Fo47,660027,2020-05-13,2020,,,,,,2025-01-26
GCA_031834405.1,ASM3183440v1,Fusarium oxysporum II5,660034,2023-09-25,2023,,,,,,2025-01-26
GCA_040822225.1,ASM4082222v1,Fusarium phialophorum,2750198,2024-07-23,2024,,,,,,2025-01-26
GCF_019609905.1,ASM1960990v1,Fusarium poae,36050,2021-08-19,2021,,,,,,2025-01-26
GCA_036288945.1,ASM3628894v1,Fusarium proliferatum,948311,2024-01-30,2024,,,,,,2025-01-26
GCA_000974265.2,CS3270v5.4,Fusarium pseudograminearum,101028,2016-07-14,2016,,,,,,2025-01-26
GCF_000303195.2,FP7,Fusarium pseudograminearum CS3096,1028729,2015-04-15,2015,,,,,,2025-01-26
GCA_041870755.1,OSU_Fsam_1.1,Fusarium sambucinum,5128,2024-09-09,2024,,,,,,2025-01-26
GCA_023101225.1,ASM2310122v1,Fusarium solani-melongenae,2747967,2022-04-25,2022,,,,,,2025-01-26
GCA_025433615.1,ASM2543361v1,Fusarium sp. LHS14.1,2898545,2022-10-03,2022,,,,,,2025-01-26
GCA_025433565.1,ASM2543356v1,Fusarium sp. Ph1,2898544,2022-10-03,2022,,,,,,2025-01-26
GCA_025433535.2,AS_Fvan_2.1,Fusarium vanettenii,2747968,2022-12-20,2022,,,,,,2025-01-26
GCF_900007375.1,ASM90000737v1,Fusarium venenatum,56646,2018-03-01,2018,,,,,,2025-01-26
GCA_003316975.2,ASM331697v2,Fusarium verticillioides,117187,2018-11-02,2018,,,,,,2025-01-26
GCF_000149555.1,ASM14955v1,Fusarium verticillioides 7600,334819,2011-07-06,2011,,,,,,2025-01-26
GCA_037179535.1,ASM3717953v1,Fusarium vorosii,569361,2024-03-15,2024,,,,,,2025-01-26
GCA_002900995.3,Gabo_G3,Ganoderma boninense,34458,2021-10-05,2021,,,,,,2025-01-26
GCA_964023155.1,gfGanResi1.1,Ganoderma resinaceum,34465,2024-04-07,2024,,,,,,2025-01-26
GCA_964638085.1,gfGliIrri2.hap2.1,Gliophorus irrigatus,1471999,2025-01-02,2025,,,,,,2025-01-26
GCA_041464085.1,ASM4146408v1,Grifola frondosa,5627,2024-08-26,2024,,,,,,2025-01-26
GCA_022605425.2,FIOER33 v3,Hamiltosporidium tvaerminnensis,1176355,2023-08-22,2023,,,,,,2025-01-26
GCA_036287555.1,ASM3628755v1,Hanseniaspora guilliermondii,56406,2024-01-29,2024,,,,,,2025-01-26
GCA_040256855.1,ASM4025685v1,Hanseniaspora menglaensis,3081051,2024-06-20,2024,,,,,,2025-01-26
GCA_030370665.1,ASM3037066v1,Hanseniaspora meyeri,211097,2023-06-28,2023,,,,,,2025-01-26
GCA_042466605.1,ASM4246660v1,Hanseniaspora mollemarum,2268990,2024-10-01,2024,,,,,,2025-01-26
GCF_000315915.1,ASM31591v1,Henningerozyma blattae CBS 6284,1071380,2012-05-11,2012,,,,,,2025-01-26
GCA_964264465.1,gfHerCora1.1,Hericium coralloides,100756,2024-09-18,2024,,,,,,2025-01-26
GCA_006506795.2,HeCS-4_2.0,Hericium erinaceus,91752,2020-02-12,2020,,,,,,2025-01-26
GCA_033439255.1,ASM3343925v1,Hericium rajendrae,2320235,2023-11-09,2023,,,,,,2025-01-26
GCA_017310585.1,ASM1731058v1,Histoplasma capsulatum,5037,2021-03-09,2021,,,,,,2025-01-26
GCA_017355575.1,ASM1735557v1,Histoplasma capsulatum G186AR,447093,2021-03-09,2021,,,,,,2025-01-26
GCA_017310615.1,ASM1731061v1,Histoplasma capsulatum var. duboisii H88,544711,2021-03-09,2021,,,,,,2025-01-26
GCF_000348985.1,ASM34898v1,Huiozyma naganishii CBS 8797,1071383,2012-09-05,2012,,,,,,2025-01-26
GCA_963555575.2,gfHygCocc2.2,Hygrocybe coccinea,378274,2023-12-24,2023,,,,,,2025-01-26
GCA_963556145.1,gfHygPuni3.1,Hygrocybe punicea,557324,2023-12-07,2023,,,,,,2025-01-26
GCA_003856795.1,ASM385679v1,Hyphopichia burtonii,717740,2018-12-03,2018,,,,,,2025-01-26
GCA_003856775.1,ASM385677v1,Hyphopichia pseudoburtonii,717741,2018-12-03,2018,,,,,,2025-01-26
GCA_013433165.1,ASM1343316v1,Hypsizygus marmoreus,39966,2020-07-23,2020,,,,,,2025-01-26
GCA_021117315.1,ASM2111731v1,Immersiporthe knoxdaviesiana,1276217,2021-12-08,2021,,,,,,2025-01-26
GCA_964248975.1,gfInoTigr1.1,Inocybe tigrina,1169566,2024-08-31,2024,,,,,,2025-01-26
GCA_024712875.1,ASM2471287v1,Inonotus hispidus,40469,2022-08-25,2022,,,,,,2025-01-26
GCA_042608485.1,ASM4260848v1,Ischnoderma resinosum,196228,2024-10-08,2024,,,,,,2025-01-26
GCF_000304475.1,Ka_CBS2517,Kazachstania africana CBS 2517,1071382,2012-01-17,2012,,,,,,2025-01-26
GCF_000002515.2,ASM251v1,Kluyveromyces lactis,28985,2004-07-02,2004,,,,,,2025-01-26
GCA_001417835.1,KM1777_03,Kluyveromyces marxianus,4911,2014-10-03,2014,,,,,,2025-01-26
GCF_001417885.1,Kmar_1.0,Kluyveromyces marxianus DMKU3-1042,1003335,2014-01-14,2014,,,,,,2025-01-26
GCA_001708105.1,ASM170810v1,Komagataella pastoris,4922,2016-08-12,2016,,,,,,2025-01-26
GCA_001708085.1,ASM170808v1,Komagataella phaffii,460519,2016-08-12,2016,,,,,,2025-01-26
GCA_000223565.1,PicPas_Mar2011,Komagataella phaffii CBS 7435,981350,2011-04-06,2011,,,,,,2025-01-26
GCF_000027005.1,ASM2700v1,Komagataella phaffii GS115,644223,2009-05-25,2009,,,,,,2025-01-26
GCF_000512585.2,ASM51258v3,Kwoniella bestiolae CBS 10118,1296100,2024-06-21,2024,,,,,,2025-01-26
GCF_036426115.1,ASM3642611v1,Kwoniella botswanensis,1268659,2024-02-07,2024,,,,,,2025-01-26
GCF_000512565.2,ASM51256v3,Kwoniella dejecticola CBS 10117,1296121,2024-06-24,2024,,,,,,2025-01-26
GCF_036810415.1,ASM3681041v1,Kwoniella dendrophila CBS 6074,1295534,2024-07-02,2024,,,,,,2025-01-26
GCF_036810445.1,ASM3681044v1,Kwoniella europaea PYCC6329,1423913,2024-07-02,2024,,,,,,2025-01-26
GCF_000507465.2,ASM50746v4,Kwoniella mangroviensis CBS 8507,1296122,2024-03-14,2024,,,,,,2025-01-26
GCF_039105145.1,ASM3910514v1,Kwoniella newhampshirensis,1651941,2024-05-09,2024,,,,,,2025-01-26
GCF_000512605.2,ASM51260v3,Kwoniella pini CBS 10737,1296096,2024-12-07,2024,,,,,,2025-01-26
GCF_008629635.2,ASM862963v2,Kwoniella shandongensis,1734106,2024-06-24,2024,,,,,,2025-01-26
GCF_035658355.1,ASM3565835v1,Kwoniella shivajii,564305,2024-01-15,2024,,,,,,2025-01-26
GCA_036810365.1,ASM3681036v1,Kwoniella sp. B9012,1423914,2024-02-22,2024,,,,,,2025-01-26
GCA_036287355.1,ASM3628735v1,Kwoniella sp. CBS 6097,2770021,2024-01-29,2024,,,,,,2025-01-26
GCA_036428585.1,ASM3642858v1,Kwoniella sp. CBS 9459,2770022,2024-02-07,2024,,,,,,2025-01-26
GCA_036428645.1,ASM3642864v1,Kwoniella sp. DSM 27419,2770024,2024-02-07,2024,,,,,,2025-01-26
GCA_039654905.1,ASM3965490v1,Laburnicola rhizohalophila,2602009,2024-05-17,2024,,,,,,2025-01-26
GCA_900074725.1,LADA0,Lachancea dasiensis,1072105,2016-10-25,2016,,,,,,2025-01-26
GCA_900074765.1,LAFE0,Lachancea fermentati,4955,2016-10-26,2016,,,,,,2025-01-26
GCA_000149225.2,ASM14922v2,Lachancea kluyveri NRRL Y-12651,226302,2011-05-12,2011,,,,,,2025-01-26
GCA_900074715.1,LAME0,Lachancea meyersii CBS 8951,1266667,2016-10-25,2016,,,,,,2025-01-26
GCA_900074745.1,LAMI0,Lachancea mirantina,1230905,2016-10-25,2016,,,,,,2025-01-26
GCA_900074755.1,LANO0,Lachancea nothofagi CBS 11611,1266666,2016-10-25,2016,,,,,,2025-01-26
GCA_900074735.1,LAFA0,Lachancea sp. 'fantastica',1230904,2016-10-25,2016,,,,,,2025-01-26
GCF_000142805.1,ASM14280v1,Lachancea thermotolerans CBS 6340,559295,2009-06-05,2009,,,,,,2025-01-26
GCA_964235335.1,gfLacBlen1.hap1.1,Lactarius blennius,152933,2024-08-31,2024,,,,,,2025-01-26
GCA_951394315.1,gfLacEvos1.1,Lactarius evosmus,326039,2023-05-13,2023,,,,,,2025-01-26
GCA_963281015.1,gfLacTabi1.1,Lactarius tabidus,152947,2023-08-20,2023,,,,,,2025-01-26
GCA_024321985.1,QSMG,Laetiporus sulphureus,5630,2022-07-21,2022,,,,,,2025-01-26
GCA_035621335.1,ASM3562133v1,Lasiodiplodia theobromae,45133,2024-01-14,2024,,,,,,2025-01-26
GCA_015476405.1,ASM1547640v1,Lentinula edodes,5353,2020-11-16,2020,,,,,,2025-01-26
GCA_033220425.1,Lene_EWU_01,Lepraria neglecta,209136,2023-11-03,2023,,,,,,2025-01-26
GCA_963580335.1,grLepFlav1.1,Leptographium flavum,2268375,2023-11-04,2023,,,,,,2025-01-26
GCA_963422465.1,glLicPygm2.1,Lichina pygmaea,157483,2023-09-11,2023,,,,,,2025-01-26
GCA_008728235.1,ASM872823v1,Lichtheimia ramosa,688394,2019-09-30,2019,,,,,,2025-01-26
GCF_963989305.1,lodBeiA1,Lodderomyces beijingensis,1775926,2024-03-15,2024,,,,,,2025-01-26
GCF_030384665.1,ASM3038466v1,Lodderomyces elongisporus,36914,2023-07-02,2023,,,,,,2025-01-26
GCA_025854295.1,ASM2585429v1,Lyophyllum decastes,64660,2022-10-26,2022,,,,,,2025-01-26
GCA_029876055.1,CBS129176_v1,Madurella fahalii,1157608,2023-04-26,2023,,,,,,2025-01-26
GCA_029678045.1,ASM2967804v1,Magnusiomyces sp. LA-1,3119571,2023-04-11,2023,,,,,,2025-01-26
GCA_029542905.1,ASM2954290v1,Malassezia arunalokei,1514897,2023-04-03,2023,,,,,,2025-01-26
GCA_029542985.1,ASM2954298v1,Malassezia brasiliensis,1821822,2023-04-03,2023,,,,,,2025-01-26
GCA_029542885.1,ASM2954288v1,Malassezia caprae,1381934,2023-04-03,2023,,,,,,2025-01-26
GCA_029542805.1,ASM2954280v1,Malassezia cuniculi,948313,2023-04-03,2023,,,,,,2025-01-26
GCA_029542865.1,ASM2954286v1,Malassezia equina,1381935,2023-04-03,2023,,,,,,2025-01-26
GCA_009938135.1,ASM993813v1,Malassezia furfur,55194,2020-01-28,2020,,,,,,2025-01-26
GCA_010232095.1,ASM1023209v1,Malassezia globosa,76773,2020-02-06,2020,,,,,,2025-01-26
GCF_029542785.1,ASM2954278v1,Malassezia japonica,223818,2023-04-03,2023,,,,,,2025-01-26
GCA_029542845.1,ASM2954284v1,Malassezia nana,180528,2023-04-03,2023,,,,,,2025-01-26
GCA_029542945.1,ASM2954294v1,Malassezia obtusa,76774,2023-04-03,2023,,,,,,2025-01-26
GCA_014493585.1,MalaPachy_UAB,Malassezia pachydermatis,77020,2020-09-09,2020,,,,,,2025-01-26
GCA_029542765.1,ASM2954276v1,Malassezia psittaci,1821823,2023-04-03,2023,,,,,,2025-01-26
GCF_003290485.1,ASM329048v1,Malassezia restricta,76775,2018-07-09,2018,,,,,,2025-01-26
GCA_003691605.1,ASM369160v1,Malassezia restricta CBS 7877,425264,2018-10-29,2018,,,,,,2025-01-26
GCA_029542825.1,ASM2954282v1,Malassezia sp. CBS 17886,3031751,2023-04-03,2023,,,,,,2025-01-26
GCA_900149135.1,Msy_KS292_June2015,Malassezia sympodialis,76777,2017-01-09,2017,,,,,,2025-01-26
GCA_900149145.1,Msy_ATCC_42132_Feb2016,Malassezia sympodialis ATCC 42132,1230383,2017-01-09,2017,,,,,,2025-01-26
GCF_029542925.1,ASM2954292v1,Malassezia vespertilionis,2020962,2023-04-03,2023,,,,,,2025-01-26
GCA_029542965.1,ASM2954296v1,Malassezia yamatoensis,253288,2023-04-03,2023,,,,,,2025-01-26
GCF_018924745.1,UU_Maror_2,Marasmius oreades,181124,2021-06-17,2021,,,,,,2025-01-26
GCA_031590215.1,ASM3159021v1,Maudiozyma bulderi,112263,2023-09-18,2023,,,,,,2025-01-26
GCF_013426205.1,ASM1342620v1,Metarhizium brunneum,500148,2020-07-20,2020,,,,,,2025-01-26
GCA_041379975.1,ASM4137997v1,Metarhizium pinghaense,1278899,2024-08-20,2024,,,,,,2025-01-26
GCA_037177735.1,ASM3717773v1,Metarhizium robertsii,568076,2024-03-18,2024,,,,,,2025-01-26
GCA_004217705.1,ASM421770v1,Metschnikowia aff. pulcherrima,2163413,2019-02-20,2019,,,,,,2025-01-26
GCA_003401635.1,MR1_a14_ref,Metschnikowia reukaufii,27327,2018-08-20,2018,,,,,,2025-01-26
GCA_939531405.1,gsMetZobe1.1,Metschnikowia zobellii,27328,2022-05-03,2022,,,,,,2025-01-26
GCA_037116185.1,ASAG_Mgui_2.4,Meyerozyma guilliermondii,4929,2024-03-13,2024,,,,,,2025-01-26
GCF_000315895.1,ASM31589v1,Millerozyma farinosa CBS 7064,559304,2011-11-10,2011,,,,,,2025-01-26
GCA_031214725.1,ASM3121472v1,Moesziomyces antarcticus,84753,2023-09-06,2023,,,,,,2025-01-26
GCA_025999795.1,ASM2599979v1,Monascus purpureus,5098,2022-10-06,2022,,,,,,2025-01-26
GCA_017357885.1,ASM1735788v1,Monilinia vaccinii-corymbosi,61207,2021-03-16,2021,,,,,,2025-01-26
GCA_964275055.1,MOSE0,Monosporozyma servazzii,27293,2024-10-10,2024,,,,,,2025-01-26
GCA_964275045.1,MOUN0,Monosporozyma unispora,27294,2024-10-10,2024,,,,,,2025-01-26
GCA_009192285.1,ASM919228v1,Morchella semilibera,62758,2019-10-21,2019,,,,,,2025-01-26
GCA_943193625.1,gzMucPiri1.1,Mucor piriformis,105697,2022-06-10,2022,,,,,,2025-01-26
GCF_000328475.2,Umaydis521_2.0,Mycosarcoma maydis,5270,2015-02-18,2015,,,,,,2025-01-26
GCF_010111755.1,ASM1011175v1,Nakaseomyces glabratus,5478,2020-02-03,2020,,,,,,2025-01-26
GCA_029635245.1,ASM2963524v1,Nannizziopsis arthrosporioides,1254446,2023-04-10,2023,,,,,,2025-01-26
GCF_000237345.1,ASM23734v1,Naumovozyma castellii,27288,2011-08-01,2011,,,,,,2025-01-26
GCF_000227115.2,ASM22711v2,Naumovozyma dairenensis CBS 421,1071378,2012-08-20,2012,,,,,,2025-01-26
GCA_029906385.1,ASM2990638v1,Neofusicoccum laricinum,121618,2023-04-30,2023,,,,,,2025-01-26
GCA_020912385.1,ASM2091238v1,Neofusicoccum parvum,310453,2021-11-22,2021,,,,,,2025-01-26
GCA_917563905.1,NneoKNNDK_001_PacBio_v1,Neonectria neomacrospora,78403,2021-10-15,2021,,,,,,2025-01-26
GCA_046115455.1,ASM4611545v1,Neopestalotiopsis rosae,1562205,2024-12-16,2024,,,,,,2025-01-26
GCA_037367355.1,ASM3736735v1,Neoscytalidium dimidiatum,108428,2024-03-20,2024,,,,,,2025-01-26
GCF_000182925.2,NC12,Neurospora crassa OR74A,367110,2013-10-25,2013,,,,,,2025-01-26
GCA_029489945.1,ASM2948994v1,Nigrospora osmanthi,2022760,2023-03-30,2023,,,,,,2025-01-26
GCA_033816765.1,ASM3381676v1,Nothopassalora personata,2060155,2023-11-20,2023,,,,,,2025-01-26
GCA_019443345.1,ASM1944334v1,Ogataea parapolymorpha,1005962,2021-08-03,2021,,,,,,2025-01-26
GCF_000187245.1,Hansenula_2,Ogataea parapolymorpha DL-1,871575,2013-12-20,2013,,,,,,2025-01-26
GCA_017161175.1,ASM1716117v1,Ogataea polymorpha,460523,2021-03-03,2021,,,,,,2025-01-26
GCA_032248835.1,ASM3224883v1,Ophiostoma piceae,61273,2023-10-01,2023,,,,,,2025-01-26
GCA_003990805.1,ASM399080v1,Paecilomyces variotii,264951,2019-01-04,2019,,,,,,2025-01-26
GCA_040954535.1,ASM4095453v1,Pallidohirschioporus biformis,50381,2024-08-01,2024,,,,,,2025-01-26
GCA_002267005.1,ASM226700v1,Parastagonospora nodorum,13684,2017-08-23,2017,,,,,,2025-01-26
GCA_016801405.1,ASM1680140v1,Parastagonospora nodorum SN15,321614,2021-02-02,2021,,,,,,2025-01-26
GCA_001592805.2,ASM159280v2,Peltaster fructicola,286661,2020-04-14,2020,,,,,,2025-01-26
GCA_000710275.1,ASM71027v1,Penicillium chrysogenum,5076,2014-06-23,2014,,,,,,2025-01-26
GCA_035985395.1,ASM3598539v1,Penicillium coffeae,310288,2024-01-23,2024,,,,,,2025-01-26
GCF_016767815.1,ASM1676781v1,Penicillium digitatum,36651,2021-01-28,2021,,,,,,2025-01-26
GCA_040250155.1,Pf_T2,Penicillium fuscoglaucum,463681,2024-06-19,2024,,,,,,2025-01-26
GCA_039634405.1,ASM3963440v1,Penicillium herquei,69774,2024-05-14,2024,,,,,,2025-01-26
GCF_001723175.1,ASM172317v3,Penicillium oxalicum,69781,2022-04-25,2022,,,,,,2025-01-26
GCA_034423695.1,ASM3442369v1,Penicillium polonicum,60169,2023-12-17,2023,,,,,,2025-01-26
GCA_964197705.1,Pfluo_KMR99,Penicillium psychrofluorescens,3158075,2025-01-17,2025,,,,,,2025-01-26
GCA_030518555.1,ASM3051855v1,Penicillium roqueforti,5082,2023-07-23,2023,,,,,,2025-01-26
GCA_041412015.1,ASM4141201v1,Pestalotiopsis microspora,85828,2024-08-23,2024,,,,,,2025-01-26
GCA_045999785.1,ASM4599978v1,Phlyctema vagabunda,108571,2024-12-11,2024,,,,,,2025-01-26
GCA_030062975.1,ASM3006297v1,Pichia kluyveri,36015,2023-05-22,2023,,,,,,2025-01-26
GCF_003054445.1,ASM305444v1,Pichia kudriavzevii,4909,2018-04-17,2018,,,,,,2025-01-26
GCA_030168465.1,ASM3016846v1,Pichia terricola,54551,2023-06-05,2023,,,,,,2025-01-26
GCA_963556305.1,glPlaGlau9.1,Platismatia glauca,78070,2023-10-11,2023,,,,,,2025-01-26
GCA_019677325.2,ASM1967732v2,Pleurotus cornucopiae,5321,2021-08-25,2021,,,,,,2025-01-26
GCA_001956935.2,CCMSSC00389_v2,Pleurotus ostreatus,5322,2019-06-07,2019,,,,,,2025-01-26
GCA_018127085.1,P2C.v1.0,Pneumocystis sp. 'macacae',2698480,2021-04-23,2021,,,,,,2025-01-26
GCA_017301755.1,ASM1730175v1,Pneumocystis wakefieldiae,38082,2021-03-08,2021,,,,,,2025-01-26
GCF_001653235.2,ASM165323v2,Pochonia chlamydosporia 170,1380566,2017-07-10,2017,,,,,,2025-01-26
GCA_030378345.1,ASM3037834v1,Podosphaera fusca,62727,2023-07-07,2023,,,,,,2025-01-26
GCA_017654855.1,PaWa137m,Podospora anserina,2587412,2021-04-12,2021,,,,,,2025-01-26
GCF_035222275.1,CBS112042p_1.0,Podospora bellae-mahoneyi,2093777,2024-01-12,2024,,,,,,2025-01-26
GCA_017354895.1,ASM1735489v1,Podospora comata,48703,2021-03-15,2021,,,,,,2025-01-26
GCF_035222485.1,CBS124.78p_1.0,Podospora pseudoanserina,2609844,2024-01-12,2024,,,,,,2025-01-26
GCF_035222375.1,CBS415.72m_1.0,Podospora pseudocomata,2093779,2024-01-12,2024,,,,,,2025-01-26
GCF_035222475.1,CBS411.78m_1.0,Podospora pseudopauciseta,2093780,2024-01-12,2024,,,,,,2025-01-26
GCA_951640195.1,gfPorCaly1.1,Porpolomopsis calyptriformis,1398758,2023-05-18,2023,,,,,,2025-01-26
GCF_017499595.1,MGC_Penvy_1,Psilocybe cubensis,181762,2022-02-04,2022,,,,,,2025-01-26
GCA_002762355.2,KSU_Pgt_99KS76A_2.0,Puccinia graminis f. sp. tritici,56615,2022-03-30,2022,,,,,,2025-01-26
GCA_025617555.3,ASM2561755v3,Puccinia polysora,684837,2023-09-18,2023,,,,,,2025-01-26
GCA_046128785.1,ASM4612878v1,Puccinia silphii,2065218,2024-12-18,2024,,,,,,2025-01-26
GCF_021901695.1,Pst134E36_v1_pri,Puccinia striiformis f. sp. tritici,168172,2022-02-03,2022,,,,,,2025-01-26
GCF_026914185.1,ASM2691418v1,Puccinia triticina,208348,2022-12-15,2022,,,,,,2025-01-26
GCF_022605165.1,ASM2260516v1,Purpureocillium takamizusanense,2060973,2022-03-17,2022,,,,,,2025-01-26
GCA_014334815.1,ASM1433481v1,Pyrenophora teres f. maculata,97480,2020-08-31,2020,,,,,,2025-01-26
GCA_008086725.1,ASM808672v1,Pyrenophora teres f. teres,97479,2019-08-28,2019,,,,,,2025-01-26
GCA_006112615.1,ASM611261v1,Pyrenophora teres f. teres 0-1,861557,2019-06-06,2019,,,,,,2025-01-26
GCF_003171515.1,CUR_PTRM4_2.2,Pyrenophora tritici-repentis,45151,2021-10-07,2021,,,,,,2025-01-26
GCF_004355905.1,PgNI,Pyricularia grisea,148305,2019-03-19,2019,,,,,,2025-01-26
GCA_004346965.1,ASM434696v1,Pyricularia oryzae,318829,2019-03-12,2019,,,,,,2025-01-26
GCF_000002495.2,MG8,Pyricularia oryzae 70-15,242507,2011-10-14,2011,,,,,,2025-01-26
GCA_000292605.2,PoP131,Pyricularia oryzae P131,1143193,2023-07-25,2023,,,,,,2025-01-26
GCA_041721605.1,FAFU-Ppen-JC-1-v1.0,Pyricularia penniseti,2173144,2024-09-03,2024,,,,,,2025-01-26
GCF_004337985.1,PpBr36,Pyricularia pennisetigena,1578925,2019-03-19,2019,,,,,,2025-01-26
GCA_004337975.1,PspLS,Pyricularia sp. CBS 133598,403063,2019-03-19,2019,,,,,,2025-01-26
GCA_002287475.2,ASM228747v2,Pyrrhoderma noxium,2282107,2019-07-11,2019,,,,,,2025-01-26
GCA_964341195.1,gfRamCorn1.1,Ramariopsis corniculata,749444,2024-11-22,2024,,,,,,2025-01-26
GCA_042764415.1,Remth1,Remersonia thermophila,72144,2024-10-10,2024,,,,,,2025-01-26
GCF_016906535.1,ASM1690653v1,Rhizoctonia solani,456999,2021-02-18,2021,,,,,,2025-01-26
GCF_026210795.1,ASM2621079v1,Rhizophagus irregularis,588596,2022-11-16,2022,,,,,,2025-01-26
GCA_964106605.1,gdRhiKalk1.hap1.1,Rhizosphaera kalkhoffii,57485,2024-06-06,2024,,,,,,2025-01-26
GCA_034406715.1,ASM3440671v1,Rhodotorula mucilaginosa,5537,2023-12-15,2023,,,,,,2025-01-26
GCA_046529785.1,ASM4652978v1,Rhynchosporium graminicola,2792576,2025-01-07,2025,,,,,,2025-01-26
GCA_964187995.1,gfRipTric1.1,Ripartites tricholoma,230827,2024-06-21,2024,,,,,,2025-01-26
GCA_964199335.1,gfRusFari1.1,Russula aff. farinipes,3163303,2024-07-13,2024,,,,,,2025-01-26
GCA_964330295.1,gfRusFagi1.1,Russula faginea,1033783,2024-11-07,2024,,,,,,2025-01-26
GCA_964656355.1,gfRusNigr1.hap2.1,Russula nigricans,152964,2024-12-20,2024,,,,,,2025-01-26
GCA_963926505.1,gfRusOliv1.1,Russula olivacea,152966,2024-01-28,2024,,,,,,2025-01-26
GCF_000292725.1,SacArb1.0,Saccharomyces arboricola H-6,1160507,2012-09-11,2012,,,,,,2025-01-26
GCA_019431265.1,ASM1943126v1,Saccharomyces bayanus,4931,2021-08-01,2021,,,,,,2025-01-26
GCA_000734875.3,ASM73487v3,Saccharomyces boulardii (nom. inval.),252598,2014-11-21,2014,,,,,,2025-01-26
GCA_000091065.2,ASM9106v2,Saccharomyces cerevisiae,4932,2001-07-03,2001,,,,,,2025-01-26
GCA_000190195.1,ScAWRI796_v01,Saccharomyces cerevisiae AWRI796,764097,2011-02-23,2011,,,,,,2025-01-26
GCA_000269885.1,ASM26988v1,Saccharomyces cerevisiae CEN.PK113-7D,889517,2012-06-19,2012,,,,,,2025-01-26
GCA_000190255.1,ScFostersB_v01,Saccharomyces cerevisiae FostersB,764102,2011-02-25,2011,,,,,,2025-01-26
GCA_000260735.2,K7_1.0,Saccharomyces cerevisiae Kyokai no. 7,721032,2011-10-04,2011,,,,,,2025-01-26
GCA_000568295.1,P283,Saccharomyces cerevisiae P283,1177187,2014-02-18,2014,,,,,,2025-01-26
GCA_000568055.1,p301,Saccharomyces cerevisiae P301,1182968,2014-02-26,2014,,,,,,2025-01-26
GCA_905220315.1,ScPE_H4_f,Saccharomyces cerevisiae PE-2,1220494,2021-02-16,2021,,,,,,2025-01-26
GCA_000568005.1,R008,Saccharomyces cerevisiae R008,1182966,2014-02-26,2014,,,,,,2025-01-26
GCA_000568365.1,R103,Saccharomyces cerevisiae R103,1182967,2014-02-26,2014,,,,,,2025-01-26
GCF_000146045.2,R64,Saccharomyces cerevisiae S288C,559292,2014-12-17,2014,,,,,,2025-01-26
GCA_000151485.1,ASM15148v1,Saccharomyces cerevisiae Sigma1278b,658763,2010-05-14,2010,,,,,,2025-01-26
GCA_000733235.3,ASM73323v3,Saccharomyces cerevisiae UFMG A-905,1434269,2014-11-21,2014,,,,,,2025-01-26
GCA_000190215.1,ScVIN13_v01,Saccharomyces cerevisiae Vin13,764099,2011-02-25,2011,,,,,,2025-01-26
GCA_000190235.1,ScVL3_v01,Saccharomyces cerevisiae VL3,764100,2011-02-25,2011,,,,,,2025-01-26
GCA_000292815.1,ASM29281v1,Saccharomyces cerevisiae W303,580240,2013-02-28,2013,,,,,,2025-01-26
GCA_000975645.3,Sc_YJM1078_v1,Saccharomyces cerevisiae YJM1078,1296266,2017-01-23,2017,,,,,,2025-01-26
GCA_000975675.2,Sc_YJM1083_v1,Saccharomyces cerevisiae YJM1083,1292971,2017-01-05,2017,,,,,,2025-01-26
GCA_000975705.2,Sc_YJM1129_v1,Saccharomyces cerevisiae YJM1129,1293430,2017-01-23,2017,,,,,,2025-01-26
GCA_000976695.3,Sc_YJM1133_v1,Saccharomyces cerevisiae YJM1133,1294333,2017-01-05,2017,,,,,,2025-01-26
GCA_000976725.3,Sc_YJM1190_v1,Saccharomyces cerevisiae YJM1190,1294334,2017-01-23,2017,,,,,,2025-01-26
GCA_000976755.2,Sc_YJM1199_v1,Saccharomyces cerevisiae YJM1199,1294335,2017-01-23,2017,,,,,,2025-01-26
GCA_000976785.2,Sc_YJM1202_v1,Saccharomyces cerevisiae YJM1202,1294336,2017-01-23,2017,,,,,,2025-01-26
GCA_000976815.3,Sc_YJM1208_v1,Saccharomyces cerevisiae YJM1208,1294337,2017-01-23,2017,,,,,,2025-01-26
GCA_000976845.3,Sc_YJM1242_v1,Saccharomyces cerevisiae YJM1242,1294338,2017-01-23,2017,,,,,,2025-01-26
GCA_000976875.3,Sc_YJM1244_v1,Saccharomyces cerevisiae YJM1244,1294339,2017-01-23,2017,,,,,,2025-01-26
GCA_000976905.2,Sc_YJM1248_v1,Saccharomyces cerevisiae YJM1248,1294340,2016-11-18,2016,,,,,,2025-01-26
GCA_000976935.2,Sc_YJM1250_v1,Saccharomyces cerevisiae YJM1250,1294341,2017-01-05,2017,,,,,,2025-01-26
GCA_000976965.3,Sc_YJM1252_v1,Saccharomyces cerevisiae YJM1252,1294342,2017-01-23,2017,,,,,,2025-01-26
GCA_000976995.2,Sc_YJM1273_v1,Saccharomyces cerevisiae YJM1273,1294343,2017-01-23,2017,,,,,,2025-01-26
GCA_000977025.2,Sc_YJM1304_v1,Saccharomyces cerevisiae YJM1304,1294344,2017-01-23,2017,,,,,,2025-01-26
GCA_000977055.4,Sc_YJM1307_v1,Saccharomyces cerevisiae YJM1307,1294345,2017-01-23,2017,,,,,,2025-01-26
GCA_000977085.2,Sc_YJM1311_v1,Saccharomyces cerevisiae YJM1311,1294346,2017-01-23,2017,,,,,,2025-01-26
GCA_000977115.3,Sc_YJM1326_v1,Saccharomyces cerevisiae YJM1326,1294347,2017-01-23,2017,,,,,,2025-01-26
GCA_000977145.2,Sc_YJM1332_v1,Saccharomyces cerevisiae YJM1332,1294348,2017-01-23,2017,,,,,,2025-01-26
GCA_000977175.3,Sc_YJM1336_v1,Saccharomyces cerevisiae YJM1336,1294349,2017-01-23,2017,,,,,,2025-01-26
GCA_000977205.2,Sc_YJM1338_v1,Saccharomyces cerevisiae YJM1338,1294350,2016-12-15,2016,,,,,,2025-01-26
GCA_000977235.2,Sc_YJM1341_v1,Saccharomyces cerevisiae YJM1341,1294351,2017-01-05,2017,,,,,,2025-01-26
GCA_000977265.3,Sc_YJM1342_v1,Saccharomyces cerevisiae YJM1342,1294352,2017-01-23,2017,,,,,,2025-01-26
GCA_000977295.3,Sc_YJM1355_v1,Saccharomyces cerevisiae YJM1355,1294353,2017-01-23,2017,,,,,,2025-01-26
GCA_000977325.2,Sc_YJM1356_v1,Saccharomyces cerevisiae YJM1356,1294354,2017-01-23,2017,,,,,,2025-01-26
GCA_000977355.3,Sc_YJM1381_v1,Saccharomyces cerevisiae YJM1381,1294355,2017-01-23,2017,,,,,,2025-01-26
GCA_000977385.2,Sc_YJM1383_v1,Saccharomyces cerevisiae YJM1383,1294356,2017-01-23,2017,,,,,,2025-01-26
GCA_000977415.2,Sc_YJM1385_v1,Saccharomyces cerevisiae YJM1385,1294357,2017-01-23,2017,,,,,,2025-01-26
GCA_000977445.2,Sc_YJM1386_v1,Saccharomyces cerevisiae YJM1386,1294358,2017-01-23,2017,,,,,,2025-01-26
GCA_000977475.3,Sc_YJM1387_v1,Saccharomyces cerevisiae YJM1387,1294359,2016-12-15,2016,,,,,,2025-01-26
GCA_000977505.2,Sc_YJM1388_v1,Saccharomyces cerevisiae YJM1388,1294360,2016-12-15,2016,,,,,,2025-01-26
GCA_000977535.2,Sc_YJM1389_v1,Saccharomyces cerevisiae YJM1389,1294361,2017-01-05,2017,,,,,,2025-01-26
GCA_000977565.2,Sc_YJM1399_v1,Saccharomyces cerevisiae YJM1399,1294362,2017-01-23,2017,,,,,,2025-01-26
GCA_000977595.3,Sc_YJM1400_v1,Saccharomyces cerevisiae YJM1400,1294363,2017-01-23,2017,,,,,,2025-01-26
GCA_000977625.3,Sc_YJM1401_v1,Saccharomyces cerevisiae YJM1401,1294364,2017-01-23,2017,,,,,,2025-01-26
GCA_000977655.2,Sc_YJM1402_v1,Saccharomyces cerevisiae YJM1402,1294365,2017-01-23,2017,,,,,,2025-01-26
GCA_000977685.2,Sc_YJM1415_v1,Saccharomyces cerevisiae YJM1415,1294366,2017-01-06,2017,,,,,,2025-01-26
GCA_000977715.4,Sc_YJM1417_v1,Saccharomyces cerevisiae YJM1417,1294367,2017-01-23,2017,,,,,,2025-01-26
GCA_000977745.2,Sc_YJM1418_v1,Saccharomyces cerevisiae YJM1418,1294368,2017-01-23,2017,,,,,,2025-01-26
GCA_000977775.3,Sc_YJM1419_v1,Saccharomyces cerevisiae YJM1419,1294369,2017-01-23,2017,,,,,,2025-01-26
GCA_000977805.2,Sc_YJM1433_v1,Saccharomyces cerevisiae YJM1433,1294370,2016-12-15,2016,,,,,,2025-01-26
GCA_000977835.2,Sc_YJM1434_v1,Saccharomyces cerevisiae YJM1434,1294371,2016-12-15,2016,,,,,,2025-01-26
GCA_000977865.2,Sc_YJM1439_v1,Saccharomyces cerevisiae YJM1439,1294372,2017-01-23,2017,,,,,,2025-01-26
GCA_000977895.3,Sc_YJM1443_v1,Saccharomyces cerevisiae YJM1443,1294373,2017-01-23,2017,,,,,,2025-01-26
GCA_000977925.3,Sc_YJM1444_v1,Saccharomyces cerevisiae YJM1444,1294374,2017-01-23,2017,,,,,,2025-01-26
GCA_000977955.2,Sc_YJM1447_v1,Saccharomyces cerevisiae YJM1447,1294375,2017-01-23,2017,,,,,,2025-01-26
GCA_000977985.2,Sc_YJM1450_v1,Saccharomyces cerevisiae YJM1450,1294376,2017-01-23,2017,,,,,,2025-01-26
GCA_000978015.2,Sc_YJM1460_v1,Saccharomyces cerevisiae YJM1460,1294377,2017-01-23,2017,,,,,,2025-01-26
GCA_000978045.2,Sc_YJM1463_v1,Saccharomyces cerevisiae YJM1463,1294378,2017-01-23,2017,,,,,,2025-01-26
GCA_000978075.3,Sc_YJM1477_v1,Saccharomyces cerevisiae YJM1477,1294379,2017-01-23,2017,,,,,,2025-01-26
GCA_000978105.2,Sc_YJM1478_v1,Saccharomyces cerevisiae YJM1478,1294380,2016-12-15,2016,,,,,,2025-01-26
GCA_000978135.2,Sc_YJM1479_v1,Saccharomyces cerevisiae YJM1479,1294381,2017-01-05,2017,,,,,,2025-01-26
GCA_000978165.2,Sc_YJM1526_v1,Saccharomyces cerevisiae YJM1526,1294382,2017-01-23,2017,,,,,,2025-01-26
GCA_000978195.3,Sc_YJM1527_v1,Saccharomyces cerevisiae YJM1527,1294383,2017-01-23,2017,,,,,,2025-01-26
GCA_000978225.2,Sc_YJM1549_v1,Saccharomyces cerevisiae YJM1549,1294384,2017-01-23,2017,,,,,,2025-01-26
GCA_000978255.2,Sc_YJM1573_v1,Saccharomyces cerevisiae YJM1573,1294385,2017-01-23,2017,,,,,,2025-01-26
GCA_000978285.2,Sc_YJM1574_v1,Saccharomyces cerevisiae YJM1574,1294386,2017-01-23,2017,,,,,,2025-01-26
GCA_000978315.2,Sc_YJM1592_v1,Saccharomyces cerevisiae YJM1592,1294387,2017-01-23,2017,,,,,,2025-01-26
GCA_000978345.2,Sc_YJM1615_v1,Saccharomyces cerevisiae YJM1615,1294388,2017-01-23,2017,,,,,,2025-01-26
GCA_000975735.4,Sc_YJM189_v1,Saccharomyces cerevisiae YJM189,1294303,2017-01-23,2017,,,,,,2025-01-26
GCA_000975765.2,Sc_YJM193_v1,Saccharomyces cerevisiae YJM193,1294304,2017-01-23,2017,,,,,,2025-01-26
GCA_000975585.2,Sc_YJM195_v1,Saccharomyces cerevisiae YJM195,1294305,2016-07-29,2016,,,,,,2025-01-26
GCA_000975615.2,Sc_YJM244_v1,Saccharomyces cerevisiae YJM244,1294306,2016-11-18,2016,,,,,,2025-01-26
GCA_000975795.2,Sc_YJM248_v1,Saccharomyces cerevisiae YJM248,1294307,2017-01-05,2017,,,,,,2025-01-26
GCA_000975825.2,Sc_YJM270_v1,Saccharomyces cerevisiae YJM270,1294308,2017-01-23,2017,,,,,,2025-01-26
GCA_000975855.3,Sc_YJM271_v1,Saccharomyces cerevisiae YJM271,1294309,2017-01-05,2017,,,,,,2025-01-26
GCA_000975885.2,Sc_YJM320_v1,Saccharomyces cerevisiae YJM320,947042,2017-01-23,2017,,,,,,2025-01-26
GCA_000975915.3,Sc_YJM326_v1,Saccharomyces cerevisiae YJM326,468558,2017-01-23,2017,,,,,,2025-01-26
GCA_000975945.2,Sc_YJM428_v1,Saccharomyces cerevisiae YJM428,947044,2017-01-23,2017,,,,,,2025-01-26
GCA_000975975.3,Sc_YJM450_v1,Saccharomyces cerevisiae YJM450,1294310,2017-01-23,2017,,,,,,2025-01-26
GCA_000976005.2,Sc_YJM451_v1,Saccharomyces cerevisiae YJM451,502869,2017-01-23,2017,,,,,,2025-01-26
GCA_000976035.2,Sc_YJM453_v1,Saccharomyces cerevisiae YJM453,1294311,2016-07-29,2016,,,,,,2025-01-26
GCA_000976065.2,Sc_YJM456_v1,Saccharomyces cerevisiae YJM456,1294312,2016-11-18,2016,,,,,,2025-01-26
GCA_000976095.2,Sc_YJM470_v1,Saccharomyces cerevisiae YJM470,1294313,2017-01-05,2017,,,,,,2025-01-26
GCA_000976125.2,Sc_YJM541_v1,Saccharomyces cerevisiae YJM541,1294314,2017-01-23,2017,,,,,,2025-01-26
GCA_000976155.4,Sc_YJM554_v1,Saccharomyces cerevisiae YJM554,1294315,2017-01-05,2017,,,,,,2025-01-26
GCA_000976185.3,Sc_YJM555_v1,Saccharomyces cerevisiae YJM555,1294316,2017-01-23,2017,,,,,,2025-01-26
GCA_000976215.2,Sc_YJM627_v1,Saccharomyces cerevisiae YJM627,1294317,2017-01-23,2017,,,,,,2025-01-26
GCA_000976245.2,Sc_YJM681_v1,Saccharomyces cerevisiae YJM681,1294318,2017-01-23,2017,,,,,,2025-01-26
GCA_000976275.4,Sc_YJM682_v1,Saccharomyces cerevisiae YJM682,1294319,2017-01-23,2017,,,,,,2025-01-26
GCA_000976305.2,Sc_YJM683_v1,Saccharomyces cerevisiae YJM683,1294320,2017-01-23,2017,,,,,,2025-01-26
GCA_000976335.2,Sc_YJM689_v1,Saccharomyces cerevisiae YJM689,1294321,2016-07-29,2016,,,,,,2025-01-26
GCA_000976365.2,Sc_YJM693_v1,Saccharomyces cerevisiae YJM693,1294322,2016-11-18,2016,,,,,,2025-01-26
GCA_000976395.2,Sc_YJM969_v1,Saccharomyces cerevisiae YJM969,1294323,2017-01-05,2017,,,,,,2025-01-26
GCA_000976425.2,Sc_YJM972_v1,Saccharomyces cerevisiae YJM972,1294324,2017-01-23,2017,,,,,,2025-01-26
GCA_000976455.3,Sc_YJM975_v1,Saccharomyces cerevisiae YJM975,1294325,2017-01-05,2017,,,,,,2025-01-26
GCA_000976485.2,Sc_YJM978_v1,Saccharomyces cerevisiae YJM978,1294326,2017-01-23,2017,,,,,,2025-01-26
GCA_000976515.2,Sc_YJM981_v1,Saccharomyces cerevisiae YJM981,1294327,2017-01-23,2017,,,,,,2025-01-26
GCA_000976545.2,Sc_YJM984_v1,Saccharomyces cerevisiae YJM984,1294328,2017-01-23,2017,,,,,,2025-01-26
GCA_000976575.4,Sc_YJM987_v1,Saccharomyces cerevisiae YJM987,1294329,2017-01-05,2017,,,,,,2025-01-26
GCA_000976605.3,Sc_YJM990_v1,Saccharomyces cerevisiae YJM990,1294330,2017-01-23,2017,,,,,,2025-01-26
GCA_000662435.2,Sc_YJM993_v1,Saccharomyces cerevisiae YJM993,1294331,2016-07-29,2016,,,,,,2025-01-26
GCA_000976665.2,Sc_YJM996_v1,Saccharomyces cerevisiae YJM996,1294332,2016-11-18,2016,,,,,,2025-01-26
GCA_000275665.1,YJSH1_1.0,Saccharomyces cerevisiae YJSH1,1087981,2013-11-12,2013,,,,,,2025-01-26
GCF_001298625.1,SEUB3.0,Saccharomyces eubayanus,1080349,2015-11-04,2015,,,,,,2025-01-26
GCA_900290405.1,SacJureiUoM1,Saccharomyces jurei,1987369,2018-08-20,2018,,,,,,2025-01-26
GCA_003327635.1,ASM332763v1,Saccharomyces kudriavzevii,114524,2018-07-19,2018,,,,,,2025-01-26
GCF_947243775.1,Skud-IFO1802,Saccharomyces kudriavzevii IFO 1802,226230,2022-11-01,2022,,,,,,2025-01-26
GCA_947243785.1,Skud-ZP591,Saccharomyces kudriavzevii ZP591,1165456,2022-11-01,2022,,,,,,2025-01-26
GCA_029884715.1,ASM2988471v1,Saccharomyces mikatae,114525,2023-04-28,2023,,,,,,2025-01-26
GCF_947241705.1,Smik-IFO1815,Saccharomyces mikatae IFO 1815,226126,2022-11-01,2022,,,,,,2025-01-26
GCF_002079055.1,ASM207905v1,Saccharomyces paradoxus,27291,2017-03-21,2017,,,,,,2025-01-26
GCA_011022315.1,ASM1102231v1,Saccharomyces pastorianus,27292,2020-02-26,2020,,,,,,2025-01-26
GCA_042257055.1,ASM4225705v1,Saccharomyces sp. FC-2024a,3129044,2024-09-27,2024,,,,,,2025-01-26
GCA_947243795.1,Suva-ZP964,Saccharomyces uvarum,230603,2022-11-01,2022,,,,,,2025-01-26
GCF_020623625.1,UHD_SCDLUD_16,Saccharomycodes ludwigii,36035,2021-10-26,2021,,,,,,2025-01-26
GCA_001936155.1,KPH12,Saccharomycopsis fibuligera,4944,2017-01-05,2017,,,,,,2025-01-26
GCA_001936135.1,KJJ81,Saccharomycopsis fibuligera x Saccharomycopsis cf. fibuligera,1725355,2017-01-05,2017,,,,,,2025-01-26
GCA_004014935.1,ASM401493v1,Saccharomycopsis malanga,44092,2019-01-14,2019,,,,,,2025-01-26
GCA_020342235.1,ASM2034223v1,Saccharomycopsis phalluae,2826930,2021-10-07,2021,,,,,,2025-01-26
GCA_029952725.1,ASM2995272v1,Salmacisia buchloeana,392538,2023-05-07,2023,,,,,,2025-01-26
GCA_041442975.1,ASM4144297v1,Sanghuangporus vaninii,175686,2024-08-26,2024,,,,,,2025-01-26
GCA_033182465.1,ASM3318246v1,Sanghuangporus weigelae,1659846,2023-11-01,2023,,,,,,2025-01-26
GCA_044705675.1,ASM4470567v1,Scheffersomyces spartinae,45513,2024-11-13,2024,,,,,,2025-01-26
GCA_016859295.1,ASM1685929v1,Scheffersomyces stipitis,4924,2021-02-12,2021,,,,,,2025-01-26
GCF_000209165.1,ASM20916v1,Scheffersomyces stipitis CBS 6054,322104,2007-02-26,2007,,,,,,2025-01-26
GCA_032883015.1,ASM3288301v1,Schizosaccharomyces japonicus,4897,2023-09-01,2023,,,,,,2025-01-26
GCF_027921745.1,ASM2792174v1,Schizosaccharomyces osmophilus,2545709,2023-01-20,2023,,,,,,2025-01-26
GCF_000002945.2,ASM294v3,Schizosaccharomyces pombe,4896,2019-07-23,2019,,,,,,2025-01-26
GCA_032882995.1,ASM3288299v1,Schizosaccharomyces versatilis,278131,2023-09-01,2023,,,,,,2025-01-26
GCA_039834425.1,ASM3983442v1,Sclerotinia sclerotiorum,5180,2024-05-26,2024,,,,,,2025-01-26
GCA_001857865.1,ASM185786v1,Sclerotinia sclerotiorum 1980 UF-70,665079,2016-10-31,2016,,,,,,2025-01-26
GCA_024114885.1,ASM2411488v1,Septoria linicola,215465,2022-07-01,2022,,,,,,2025-01-26
GCA_028455935.1,ASM2845593v1,Simplicillium aogashimaense,935214,2023-02-06,2023,,,,,,2025-01-26
GCA_964211815.1,grSimLame1.1,Simplicillium lamellicola,93593,2024-07-31,2024,,,,,,2025-01-26
GCA_964035595.1,gfSpoDele1,Somion delectans,2650728,2024-05-02,2024,,,,,,2025-01-26
GCF_033870435.1,ASM3387043v1,Sordaria macrospora,5147,2023-11-21,2023,,,,,,2025-01-26
GCA_018466975.1,genome,Sparassis latifolia,1202976,2021-05-25,2021,,,,,,2025-01-26
GCF_005498985.1,PGRAM_IIB_1.0,Sporisorium graminicola,280036,2019-06-06,2019,,,,,,2025-01-26
GCA_900162835.1,version 2,Sporisorium reilianum f. sp. reilianum,72559,2018-02-08,2018,,,,,,2025-01-26
GCA_000230245.1,ASM23024v1,Sporisorium reilianum SRZ2,999809,2011-08-11,2011,,,,,,2025-01-26
GCA_001010845.1,ASM101084v1,Sporisorium scitamineum,49012,2015-05-20,2015,,,,,,2025-01-26
GCA_046114455.1,ASM4611445v1,Sporothrix sp. FH-2023a,3026404,2024-12-16,2024,,,,,,2025-01-26
GCA_016767195.1,ASM1676719v1,Stagonosporopsis rhizophila,2802321,2021-01-28,2021,,,,,,2025-01-26
GCF_001640025.1,ASM164002v2,Sugiyamaella lignohabitans,796027,2016-05-06,2016,,,,,,2025-01-26
GCA_046055875.1,ASM4605587v1,Suillus bovinus,48563,2024-12-17,2024,,,,,,2025-01-26
GCA_900106115.1,CBS 141442 assembly,Sungouiella intermedia,45354,2016-11-25,2016,,,,,,2025-01-26
GCA_003999685.1,ASM399968v1,Taiwanofungus camphoratus,2696576,2019-01-08,2019,,,,,,2025-01-26
GCA_004299765.1,ASM429976v1,Talaromyces funiculosus,28572,2019-02-26,2019,,,,,,2025-01-26
GCF_009556855.1,ASM955685v1,Talaromyces marneffei,37727,2019-11-05,2019,,,,,,2025-01-26
GCA_001571465.2,ASM157146v2,Talaromyces pinophilus,128442,2017-07-18,2017,,,,,,2025-01-26
GCF_013368755.1,ASM1336875v1,Talaromyces rugulosus,121627,2020-06-23,2020,,,,,,2025-01-26
GCA_046115495.1,ASM4611549v1,Talaromyces sp. DSF149,3108682,2024-12-16,2024,,,,,,2025-01-26
GCA_951802195.1,gfTauPull1.1,Tausonia pullulans,82525,2023-05-27,2023,,,,,,2025-01-26
GCF_000236905.1,ASM23690v1,Tetrapisispora phaffii CBS 4417,1071381,2011-11-17,2011,,,,,,2025-01-26
GCF_000226095.1,ASM22609v1,Thermothelomyces thermophilus ATCC 42464,573729,2011-09-16,2011,,,,,,2025-01-26
GCF_000226115.1,ASM22611v1,Thermothielavioides terrestris NRRL 8126,578455,2011-09-16,2011,,,,,,2025-01-26
GCA_036034705.1,UAEU_Tpunctulata.0,Thielaviopsis punctulata,72032,2024-01-26,2024,,,,,,2025-01-26
GCF_000243375.1,ASM24337v1,Torulaspora delbrueckii,4950,2011-12-08,2011,,,,,,2025-01-26
GCF_014133895.1,ASM1413389v1,Torulaspora globosa,48254,2020-08-10,2020,,,,,,2025-01-26
GCA_946403475.1,Wolfe_Tque_UCD657,Torulaspora quercuum,1143185,2022-08-27,2022,,,,,,2025-01-26
GCA_001302255.2,TraHir072,Trametes hirsuta,5327,2017-02-03,2017,,,,,,2025-01-26
GCA_032768795.1,ASM3276879v1,Tremella fuciformis,64657,2023-10-17,2023,,,,,,2025-01-26
GCF_020647865.1,ASM2064786v1,Trichoderma asperellum,101201,2021-10-27,2021,,,,,,2025-01-26
GCF_020647795.1,ASM2064779v1,Trichoderma atroviride,63577,2021-10-27,2021,,,,,,2025-01-26
GCF_028502605.1,ASM2850260v1,Trichoderma breve,2034170,2023-02-09,2023,,,,,,2025-01-26
GCA_943193705.1,grTriPseu1.1,Trichoderma citrinoviride,58853,2022-05-24,2022,,,,,,2025-01-26
GCA_020631695.1,ASM2063169v1,Trichoderma cornu-damae,654480,2021-10-27,2021,,,,,,2025-01-26
GCA_019097725.1,SYAU_Tha_1.0,Trichoderma harzianum,5544,2021-07-06,2021,,,,,,2025-01-26
GCA_009835125.1,ASM983512v1,Trichoderma reesei,51453,2020-01-09,2020,,,,,,2025-01-26
GCA_002006585.1,ASM200658v1,Trichoderma reesei QM6a,431241,2017-02-24,2017,,,,,,2025-01-26
GCA_020045945.2,ASM2004594v2,Trichoderma semiorbis,1491008,2021-09-24,2021,,,,,,2025-01-26
GCA_019565615.1,ASM1956561v1,Trichoderma simmonsii,1491479,2021-08-11,2021,,,,,,2025-01-26
GCA_020647635.1,ASM2064763v1,Trichoderma virens,29875,2021-10-27,2021,,,,,,2025-01-26
GCA_020647705.1,ASM2064770v1,Trichoderma virens FT-333,1331945,2021-10-27,2021,,,,,,2025-01-26
GCA_029959215.1,ASM2995921v1,Tricholoma bakamatsutake,51221,2023-05-09,2023,,,,,,2025-01-26
GCA_964197685.1,gfTriCing1.1,Tricholoma cingulatum,176009,2024-07-04,2024,,,,,,2025-01-26
GCA_964034925.1,gfTriHemi4.1,Tricholoma hemisulphureum,1779456,2024-04-27,2024,,,,,,2025-01-26
GCA_026075535.2,ASM2607553v2,Tricholoma matsutake,40145,2022-12-26,2022,,,,,,2025-01-26
GCA_044759035.1,assemblyCBS2479Flye29_v2,Trichosporon asahii,82508,2024-11-10,2024,,,,,,2025-01-26
GCA_026184415.1,ASM2618441v1,Trichothecium roseum,47278,2022-11-21,2022,,,,,,2025-01-26
GCA_964340765.1,glUmbDeus1.1,Umbilicaria deusta,87276,2024-11-18,2024,,,,,,2025-01-26
GCF_000687475.1,ASM68747v2,Ustilaginoidea virens,1159556,2021-05-20,2021,,,,,,2025-01-26
GCA_900080155.1,UBRO_v3,Ustilago bromivora,307758,2016-11-03,2016,,,,,,2025-01-26
GCA_022749175.1,ASM2274917v1,Ustilago hordei,120017,2022-03-29,2022,,,,,,2025-01-26
GCF_036630325.1,ASM3663032v1,Vairimorpha necatrix,6039,2024-05-23,2024,,,,,,2025-01-26
GCA_000818155.1,ASM81815v1,Valsa mali,105487,2015-01-20,2015,,,,,,2025-01-26
GCF_020906515.1,ASM2090651v1,Vanrija pseudolonga,143232,2021-11-21,2021,,,,,,2025-01-26
GCA_007735645.1,ASM773564v1,Venturia effusa,50376,2019-07-31,2019,,,,,,2025-01-26
GCA_003320035.1,VdGwydir1A3,Verticillium dahliae,27337,2018-07-15,2018,,,,,,2025-01-26
GCA_000400815.2,VDAG_JR2v.4.0,Verticillium dahliae JR2,1202531,2014-08-29,2014,,,,,,2025-01-26
GCA_000952015.1,ASM95201v1,Verticillium dahliae VdLs.17,498257,2015-03-13,2015,,,,,,2025-01-26
GCA_019551875.1,ASM1955187v1,Verticillium nonalfalfae,1051616,2021-08-11,2021,,,,,,2025-01-26
GCA_951802395.1,gfVolSurr1.1,Volvariella surrecta,908347,2023-05-28,2023,,,,,,2025-01-26
GCA_019321675.1,ASM1932167v1,Wickerhamomyces anomalus,4927,2021-07-22,2021,,,,,,2025-01-26
GCA_043792045.1,IMPLAD_Wohoe_1,Wolfiporia hoelen,2788929,2024-10-25,2024,,,,,,2025-01-26
GCA_964656405.1,glXanPari1.1,Xanthoria parietina,107463,2025-01-02,2025,,,,,,2025-01-26
GCF_029203305.1,ASM2920330v1,Yamadazyma tenuis,2315449,2023-03-14,2023,,,,,,2025-01-26
GCF_001761485.1,ASM176148v1,Yarrowia lipolytica,4952,2016-10-12,2016,,,,,,2025-01-26
GCF_000002525.2,ASM252v1,Yarrowia lipolytica CLIB122,284591,2004-07-02,2004,,,,,,2025-01-26
GCA_000590845.2,PO1f_A5_AB_scf,Yarrowia lipolytica PO1f,1445506,2014-06-03,2014,,,,,,2025-01-26
GCA_000613145.2,YALI0,Yarrowia lipolytica WSH-Z06,1437815,2014-07-04,2014,,,,,,2025-01-26
GCA_001984395.2,ASM198439v2,Zygosaccharomyces parabailii,1365886,2017-03-16,2017,,,,,,2025-01-26
GCF_000026365.1,ASM2636v1,Zygosaccharomyces rouxii,4956,2009-06-05,2009,,,,,,2025-01-26
GCF_013402915.1,ASM1340291v1,Zygotorulaspora mrakii,42260,2020-07-12,2020,,,,,,2025-01-26
GCA_002937425.1,ASM293742v1,Zymoseptoria tritici,1047171,2018-02-23,2018,,,,,,2025-01-26
GCF_000219625.1,MYCGR v2.0,Zymoseptoria tritici IPO323,336722,2011-07-06,2011,,,,,,2025-01-26
GCA_900099495.1,ZT1A5 complete assembly,Zymoseptoria tritici ST99CH_1A5,1276529,2017-06-06,2017,,,,,,2025-01-26
GCA_900184115.1,ST99CH_1E4,Zymoseptoria tritici ST99CH_1E4,1276532,2017-10-31,2017,,,,,,2025-01-26
GCA_900184105.1,ST99CH_3D1,Zymoseptoria tritici ST99CH_3D1,1276537,2017-10-31,2017,,,,,,2025-01-26
GCA_900091695.1,Zt_ST99CH_3D7,Zymoseptoria tritici ST99CH_3D7,1276538,2017-05-12,2017,,,,,,2025-01-26
GCA_002937415.1,ASM293741v1,Zymoseptoria tritici STIR04_A26b,983958,2018-02-23,2018,,,,,,2025-01-26
